-- --------------------------------------------------------
-- Хост:                         127.0.0.1
-- Версия сервера:               8.0.19 - MySQL Community Server - GPL
-- Операционная система:         Win64
-- HeidiSQL Версия:              11.3.0.6295
-- --------------------------------------------------------

/*!40101 SET @OLD_CHARACTER_SET_CLIENT=@@CHARACTER_SET_CLIENT */;
/*!40101 SET NAMES utf8 */;
/*!50503 SET NAMES utf8mb4 */;
/*!40014 SET @OLD_FOREIGN_KEY_CHECKS=@@FOREIGN_KEY_CHECKS, FOREIGN_KEY_CHECKS=0 */;
/*!40101 SET @OLD_SQL_MODE=@@SQL_MODE, SQL_MODE='NO_AUTO_VALUE_ON_ZERO' */;
/*!40111 SET @OLD_SQL_NOTES=@@SQL_NOTES, SQL_NOTES=0 */;


-- Дамп структуры базы данных vk
CREATE DATABASE IF NOT EXISTS `vk` /*!40100 DEFAULT CHARACTER SET utf8mb4 COLLATE utf8mb4_0900_ai_ci */ /*!80016 DEFAULT ENCRYPTION='N' */;
USE `vk`;

-- Дамп структуры для таблица vk.bookmarks
CREATE TABLE IF NOT EXISTS `bookmarks` (
  `id` bigint unsigned NOT NULL AUTO_INCREMENT,
  `user_id` bigint unsigned NOT NULL,
  `url` varchar(50) CHARACTER SET utf8 COLLATE utf8_unicode_ci NOT NULL,
  `desc` varchar(50) CHARACTER SET utf8 COLLATE utf8_unicode_ci DEFAULT NULL,
  PRIMARY KEY (`id`),
  KEY `bookmark_user_fk` (`user_id`),
  CONSTRAINT `bookmark_user_fk` FOREIGN KEY (`user_id`) REFERENCES `users` (`id`)
) ENGINE=InnoDB AUTO_INCREMENT=101 DEFAULT CHARSET=utf8 COLLATE=utf8_unicode_ci;

-- Дамп данных таблицы vk.bookmarks: ~100 rows (приблизительно)
/*!40000 ALTER TABLE `bookmarks` DISABLE KEYS */;
INSERT INTO `bookmarks` (`id`, `user_id`, `url`, `desc`) VALUES
	(1, 223, 'http://www.lakin.com/', 'Aliquid odio itaque occaecati sapiente perferendis'),
	(2, 300, 'http://www.hilpert.info/', 'Ab vero quia ea accusantium quaerat saepe totam.'),
	(3, 255, 'http://welchwiegand.com/', 'Ex ab occaecati deleniti sit quia ut aut.'),
	(4, 250, 'http://hilpert.com/', 'Repellendus quae eos aut recusandae voluptatem dol'),
	(5, 280, 'http://handweissnat.biz/', 'Ex maiores architecto illum esse eum.'),
	(6, 236, 'http://kub.com/', 'Reiciendis reiciendis ipsum et veritatis aut autem'),
	(7, 265, 'http://www.frami.info/', 'Esse praesentium maiores sit soluta atque enim.'),
	(8, 283, 'http://www.smithamlabadie.com/', 'Autem excepturi at id exercitationem fugit sequi.'),
	(9, 293, 'http://dietrichvandervort.com/', 'Ad labore temporibus omnis nam veniam quos eum.'),
	(10, 275, 'http://www.jacobs.com/', 'Itaque voluptatem aliquid accusantium dolores nece'),
	(11, 256, 'http://www.cole.com/', 'Culpa omnis soluta sint temporibus ipsam.'),
	(12, 298, 'http://www.hirthe.net/', 'Et magnam est facere atque sunt doloremque aut.'),
	(13, 240, 'http://www.smith.com/', 'Magni voluptas quod commodi iure.'),
	(14, 250, 'http://www.pacochamiller.com/', 'Architecto adipisci expedita fugiat provident est.'),
	(15, 288, 'http://vonrueden.com/', 'Aliquam sunt quia deleniti vel natus mollitia et.'),
	(16, 296, 'http://www.leuschke.com/', 'Non eos deserunt quae sit laborum eaque eum.'),
	(17, 264, 'http://schowalter.com/', 'Ad hic amet incidunt doloremque commodi vero.'),
	(18, 213, 'http://www.hoeger.org/', 'Est laudantium sunt in velit et molestiae.'),
	(19, 279, 'http://schneider.com/', 'Et quaerat non quibusdam ab odio eum eum.'),
	(20, 294, 'http://www.schumm.net/', 'Et placeat mollitia enim eaque qui.'),
	(21, 212, 'http://ritchie.info/', 'Omnis sunt reiciendis eaque beatae nobis aperiam o'),
	(22, 292, 'http://www.rolfson.info/', 'Ducimus deserunt cumque consectetur est.'),
	(23, 261, 'http://emardroberts.net/', 'Quam neque quia ratione dolores numquam.'),
	(24, 205, 'http://kiehnschoen.com/', 'Et esse deleniti beatae velit.'),
	(25, 209, 'http://www.prohaska.net/', 'A cum rerum eaque.'),
	(26, 277, 'http://hoeger.info/', 'Eum omnis ut non quo ut qui non.'),
	(27, 252, 'http://www.kovacek.net/', 'Et vel voluptatum reprehenderit doloribus minus.'),
	(28, 257, 'http://www.schoen.com/', 'Quo sint et aut cumque explicabo mollitia minima a'),
	(29, 214, 'http://www.stracke.com/', 'Quia itaque consectetur non.'),
	(30, 273, 'http://schuppe.com/', 'Doloribus et voluptas exercitationem qui nihil qua'),
	(31, 277, 'http://botsford.biz/', 'Harum non quos eligendi aut qui ipsam accusamus.'),
	(32, 208, 'http://www.ferry.org/', 'Minus odit sit id non voluptas.'),
	(33, 233, 'http://price.com/', 'Non et vero temporibus nihil delectus non.'),
	(34, 288, 'http://rolfson.com/', 'Nobis et qui et dolorum fugiat unde veniam.'),
	(35, 233, 'http://www.schaden.com/', 'Quam voluptates nostrum et reprehenderit.'),
	(36, 248, 'http://www.ohara.info/', 'Corporis eius quo ut est architecto earum.'),
	(37, 219, 'http://www.crona.net/', 'Soluta unde adipisci possimus accusamus recusandae'),
	(38, 251, 'http://kilback.com/', 'Enim sit quo voluptates est.'),
	(39, 274, 'http://www.gerholdmuller.info/', 'Qui exercitationem perferendis id aut consequatur '),
	(40, 233, 'http://www.hayes.com/', 'Atque nam laudantium sit explicabo est beatae.'),
	(41, 295, 'http://www.cronin.info/', 'Quidem nemo natus quisquam velit dolorem.'),
	(42, 283, 'http://www.dachdavis.com/', 'Et non qui ratione nostrum velit quidem.'),
	(43, 235, 'http://www.gradybaumbach.com/', 'Quo et eum libero ipsam sapiente error.'),
	(44, 275, 'http://www.davis.info/', 'Vel quos perspiciatis repellat adipisci.'),
	(45, 291, 'http://mertz.com/', 'Earum explicabo asperiores accusantium sint id mod'),
	(46, 260, 'http://oconnell.info/', 'Temporibus quos iusto ut eum odit.'),
	(47, 268, 'http://www.oberbrunnerwhite.info/', 'Possimus maxime libero perspiciatis earum nemo dol'),
	(48, 265, 'http://www.grady.com/', 'Dolore ratione dolorem excepturi ullam repellat.'),
	(49, 234, 'http://www.auerpurdy.info/', 'Est et similique inventore nesciunt.'),
	(50, 231, 'http://lebsack.net/', 'Dolores sint sit quo architecto.'),
	(51, 294, 'http://www.friesenpacocha.org/', 'Ratione delectus omnis enim non omnis aliquam.'),
	(52, 232, 'http://gorczany.biz/', 'Est veritatis labore ducimus quia alias magnam.'),
	(53, 205, 'http://feest.biz/', 'Odit voluptas eos dolores nostrum et provident vol'),
	(54, 236, 'http://kirlin.com/', 'Repellendus recusandae blanditiis sunt ullam provi'),
	(55, 246, 'http://www.rogahnshanahan.com/', 'Eum aliquam sequi et qui.'),
	(56, 221, 'http://www.stark.com/', 'Perspiciatis adipisci quis iste aliquid consequatu'),
	(57, 202, 'http://www.raynor.info/', 'Necessitatibus quo cum natus temporibus fugit est.'),
	(58, 257, 'http://www.kohler.org/', 'Ea harum voluptatem vitae reprehenderit dolorum id'),
	(59, 217, 'http://www.gutkowskiwisoky.info/', 'Incidunt dolor laboriosam minima iure aut quod vit'),
	(60, 214, 'http://www.kertzmann.com/', 'Aut dicta consequatur aut ratione recusandae non n'),
	(61, 252, 'http://www.shanahan.com/', 'Dolor sequi accusantium et voluptatem temporibus.'),
	(62, 203, 'http://www.spinka.biz/', 'Omnis error voluptates quia pariatur explicabo fac'),
	(63, 259, 'http://www.bayer.biz/', 'Nostrum sit illum ullam perferendis totam eveniet.'),
	(64, 273, 'http://baumbachbreitenberg.org/', 'Quidem repudiandae quae qui enim excepturi.'),
	(65, 297, 'http://grant.com/', 'Veritatis aut eos quo.'),
	(66, 213, 'http://www.orn.com/', 'Magnam et sed voluptas et dolore consequatur eum.'),
	(67, 217, 'http://www.lefflergottlieb.info/', 'Sed veniam qui et et id.'),
	(68, 244, 'http://www.wisoky.com/', 'Amet doloremque accusantium qui vel.'),
	(69, 214, 'http://www.durganmurazik.com/', 'Repellendus fugiat error porro ea ut temporibus.'),
	(70, 270, 'http://www.purdyshields.com/', 'Voluptatem vel perferendis odit.'),
	(71, 287, 'http://cummerata.net/', 'At itaque magnam quia qui quibusdam.'),
	(72, 207, 'http://funk.net/', 'Quod reiciendis quibusdam est quia sed accusamus q'),
	(73, 278, 'http://bosco.com/', 'Totam illo est repudiandae recusandae sed eos.'),
	(74, 285, 'http://schinnerpollich.com/', 'Enim nihil rerum itaque in est dolore ut.'),
	(75, 221, 'http://www.ferry.com/', 'Sed sed ut quaerat.'),
	(76, 247, 'http://www.stantonlowe.com/', 'Et fugiat distinctio natus excepturi qui.'),
	(77, 254, 'http://www.bogisich.com/', 'Itaque sed molestiae atque sunt voluptatem sequi.'),
	(78, 260, 'http://gaylordstoltenberg.org/', 'Quo quos corporis dignissimos animi.'),
	(79, 210, 'http://hermiston.net/', 'Rem qui modi provident quod ut accusantium sint.'),
	(80, 227, 'http://www.vandervort.info/', 'Et facere culpa quia quo vitae temporibus est.'),
	(81, 278, 'http://www.dickinsonhane.com/', 'Et quis veniam eius libero et.'),
	(82, 243, 'http://cronin.com/', 'Explicabo quas ut ut architecto.'),
	(83, 291, 'http://www.wilderman.org/', 'Enim omnis doloremque itaque dolor iure magni volu'),
	(84, 210, 'http://www.gerlach.net/', 'Vero ea et inventore enim aut.'),
	(85, 276, 'http://stamm.com/', 'Consectetur voluptatem a et illo fugiat laborum pe'),
	(86, 229, 'http://grady.com/', 'Quis explicabo qui dolor dolorum quam velit explic'),
	(87, 213, 'http://www.carter.com/', 'Tempora distinctio dolor deleniti placeat optio au'),
	(88, 296, 'http://mueller.biz/', 'Amet voluptatem dolore veritatis dicta rerum susci'),
	(89, 282, 'http://www.koss.com/', 'Recusandae totam nemo culpa beatae sit animi quasi'),
	(90, 251, 'http://runolfssonkrajcik.info/', 'Tempore maiores praesentium dignissimos omnis inci'),
	(91, 244, 'http://www.hermiston.info/', 'Sapiente corporis eum expedita autem eveniet dolor'),
	(92, 230, 'http://muellerschulist.net/', 'In tenetur rerum qui quia temporibus animi quos.'),
	(93, 284, 'http://www.oconnell.com/', 'Aliquid rerum molestiae soluta molestiae provident'),
	(94, 265, 'http://www.keeblertrantow.info/', 'Sit dolore eum at voluptatum inventore quisquam oc'),
	(95, 213, 'http://binslang.net/', 'Et natus dicta et quod iste reprehenderit omnis.'),
	(96, 292, 'http://www.considinedeckow.com/', 'Dolorem non quibusdam et recusandae eligendi quo.'),
	(97, 287, 'http://www.carroll.com/', 'Et consequatur voluptatum sint voluptates harum vo'),
	(98, 214, 'http://bahringer.net/', 'Est mollitia ea nisi omnis unde consequatur ab.'),
	(99, 201, 'http://www.mraz.com/', 'Voluptatem et sed perspiciatis qui dolor aperiam a'),
	(100, 232, 'http://crooks.com/', 'Excepturi ex eveniet omnis quis nulla praesentium.');
/*!40000 ALTER TABLE `bookmarks` ENABLE KEYS */;

-- Дамп структуры для таблица vk.communities
CREATE TABLE IF NOT EXISTS `communities` (
  `id` bigint unsigned NOT NULL AUTO_INCREMENT,
  `name` varchar(150) CHARACTER SET utf8 COLLATE utf8_unicode_ci DEFAULT NULL,
  `admin_user_id` bigint unsigned NOT NULL,
  UNIQUE KEY `id` (`id`),
  KEY `communities_name_idx` (`name`),
  KEY `admin_user_id` (`admin_user_id`),
  CONSTRAINT `communities_ibfk_1` FOREIGN KEY (`admin_user_id`) REFERENCES `users` (`id`)
) ENGINE=InnoDB AUTO_INCREMENT=301 DEFAULT CHARSET=utf8 COLLATE=utf8_unicode_ci;

-- Дамп данных таблицы vk.communities: ~100 rows (приблизительно)
/*!40000 ALTER TABLE `communities` DISABLE KEYS */;
INSERT INTO `communities` (`id`, `name`, `admin_user_id`) VALUES
	(201, 'consequatur', 201),
	(202, 'ratione', 202),
	(203, 'ducimus', 203),
	(204, 'qui', 204),
	(205, 'sed', 205),
	(206, 'debitis', 206),
	(207, 'magni', 207),
	(208, 'et', 208),
	(209, 'quia', 209),
	(210, 'nam', 210),
	(211, 'voluptatem', 211),
	(212, 'voluptates', 212),
	(213, 'quo', 213),
	(214, 'quam', 214),
	(215, 'et', 215),
	(216, 'natus', 216),
	(217, 'quam', 217),
	(218, 'officiis', 218),
	(219, 'ea', 219),
	(220, 'dolores', 220),
	(221, 'vero', 221),
	(222, 'rerum', 222),
	(223, 'ut', 223),
	(224, 'natus', 224),
	(225, 'et', 225),
	(226, 'rem', 226),
	(227, 'et', 227),
	(228, 'ea', 228),
	(229, 'amet', 229),
	(230, 'inventore', 230),
	(231, 'dolorem', 231),
	(232, 'dolores', 232),
	(233, 'doloribus', 233),
	(234, 'qui', 234),
	(235, 'placeat', 235),
	(236, 'dolor', 236),
	(237, 'perspiciatis', 237),
	(238, 'commodi', 238),
	(239, 'dolor', 239),
	(240, 'in', 240),
	(241, 'odit', 241),
	(242, 'debitis', 242),
	(243, 'quia', 243),
	(244, 'reprehenderit', 244),
	(245, 'nihil', 245),
	(246, 'dignissimos', 246),
	(247, 'cupiditate', 247),
	(248, 'qui', 248),
	(249, 'culpa', 249),
	(250, 'quod', 250),
	(251, 'ut', 251),
	(252, 'cumque', 252),
	(253, 'vel', 253),
	(254, 'natus', 254),
	(255, 'odio', 255),
	(256, 'reiciendis', 256),
	(257, 'ut', 257),
	(258, 'rem', 258),
	(259, 'ea', 259),
	(260, 'consequatur', 260),
	(261, 'incidunt', 261),
	(262, 'aut', 262),
	(263, 'molestias', 263),
	(264, 'similique', 264),
	(265, 'et', 265),
	(266, 'delectus', 266),
	(267, 'ad', 267),
	(268, 'et', 268),
	(269, 'ab', 269),
	(270, 'autem', 270),
	(271, 'rerum', 271),
	(272, 'aut', 272),
	(273, 'ipsum', 273),
	(274, 'ut', 274),
	(275, 'architecto', 275),
	(276, 'commodi', 276),
	(277, 'mollitia', 277),
	(278, 'qui', 278),
	(279, 'commodi', 279),
	(280, 'nobis', 280),
	(281, 'ut', 281),
	(282, 'voluptatum', 282),
	(283, 'dolor', 283),
	(284, 'quis', 284),
	(285, 'provident', 285),
	(286, 'omnis', 286),
	(287, 'impedit', 287),
	(288, 'voluptate', 288),
	(289, 'pariatur', 289),
	(290, 'optio', 290),
	(291, 'voluptatibus', 291),
	(292, 'voluptatem', 292),
	(293, 'perspiciatis', 293),
	(294, 'iure', 294),
	(295, 'quas', 295),
	(296, 'quo', 296),
	(297, 'nobis', 297),
	(298, 'reiciendis', 298),
	(299, 'voluptatum', 299),
	(300, 'molestias', 300);
/*!40000 ALTER TABLE `communities` ENABLE KEYS */;

-- Дамп структуры для таблица vk.friend_requests
CREATE TABLE IF NOT EXISTS `friend_requests` (
  `initiator_user_id` bigint unsigned NOT NULL,
  `target_user_id` bigint unsigned NOT NULL,
  `status` enum('requested','approved','declined','unfriended') CHARACTER SET utf8 COLLATE utf8_unicode_ci DEFAULT NULL,
  `requested_at` datetime DEFAULT CURRENT_TIMESTAMP,
  `updated_at` datetime DEFAULT NULL ON UPDATE CURRENT_TIMESTAMP,
  PRIMARY KEY (`initiator_user_id`,`target_user_id`),
  KEY `target_user_id` (`target_user_id`),
  CONSTRAINT `friend_requests_ibfk_1` FOREIGN KEY (`initiator_user_id`) REFERENCES `users` (`id`),
  CONSTRAINT `friend_requests_ibfk_2` FOREIGN KEY (`target_user_id`) REFERENCES `users` (`id`)
) ENGINE=InnoDB DEFAULT CHARSET=utf8 COLLATE=utf8_unicode_ci;

-- Дамп данных таблицы vk.friend_requests: ~100 rows (приблизительно)
/*!40000 ALTER TABLE `friend_requests` DISABLE KEYS */;
INSERT INTO `friend_requests` (`initiator_user_id`, `target_user_id`, `status`, `requested_at`, `updated_at`) VALUES
	(201, 208, 'approved', '1992-09-22 07:18:30', '1985-08-28 17:50:28'),
	(201, 243, 'unfriended', '1986-09-02 11:31:35', '2001-09-14 10:56:16'),
	(202, 243, 'requested', '1988-11-24 22:02:45', '1999-03-12 22:28:07'),
	(203, 235, 'unfriended', '2020-07-07 12:33:18', '2016-03-17 22:32:58'),
	(204, 274, 'unfriended', '1981-05-18 08:49:25', '1977-08-10 16:06:05'),
	(205, 240, 'approved', '1972-09-25 10:20:23', '1976-10-12 15:08:49'),
	(206, 223, 'unfriended', '1991-07-23 21:31:04', '1998-11-05 13:49:00'),
	(207, 277, 'requested', '1985-10-07 04:42:06', '2003-09-13 20:39:09'),
	(209, 216, 'declined', '1997-04-07 22:26:26', '2016-12-29 00:57:59'),
	(210, 215, 'declined', '1979-05-22 19:12:23', '1988-09-25 17:39:18'),
	(213, 299, 'declined', '2013-02-01 07:35:53', '1980-09-27 09:11:02'),
	(215, 225, 'declined', '2019-07-07 04:17:02', '2005-01-10 15:38:39'),
	(218, 274, 'unfriended', '1998-07-22 23:18:44', '1978-04-22 11:28:48'),
	(219, 242, 'approved', '2010-04-16 13:08:33', '1999-07-09 00:33:01'),
	(219, 269, 'declined', '1992-03-16 15:40:15', '1970-10-03 01:43:07'),
	(219, 275, 'unfriended', '2000-11-25 23:19:08', '2011-11-11 19:50:43'),
	(219, 286, 'requested', '1988-11-21 23:39:06', '2001-02-14 01:17:28'),
	(220, 273, 'requested', '1984-11-14 22:22:50', '2010-06-12 13:10:26'),
	(222, 219, 'requested', '1987-01-07 17:15:21', '2021-07-02 04:08:19'),
	(222, 280, 'approved', '2007-09-18 05:00:55', '1990-02-01 17:47:15'),
	(223, 231, 'declined', '2002-03-03 06:42:21', '1991-07-19 20:39:41'),
	(223, 251, 'declined', '1995-03-09 13:32:04', '1992-01-26 00:18:57'),
	(225, 215, 'unfriended', '2014-01-02 20:29:24', '2015-06-29 21:14:24'),
	(225, 235, 'requested', '2007-02-23 23:37:21', '1983-12-05 02:54:23'),
	(226, 275, 'declined', '1998-09-09 23:57:41', '1976-10-15 04:44:22'),
	(227, 205, 'requested', '1972-01-21 10:02:09', '2010-11-03 06:01:54'),
	(227, 264, 'requested', '1986-04-06 21:28:49', '1997-02-07 01:10:04'),
	(228, 239, 'declined', '2021-02-15 04:52:30', '2013-08-17 10:07:41'),
	(228, 260, 'approved', '2000-09-17 16:17:21', '2003-04-06 04:55:15'),
	(229, 273, 'approved', '1989-08-01 20:04:17', '2014-01-22 21:41:37'),
	(230, 214, 'declined', '1984-11-13 20:18:01', '2005-03-02 15:08:01'),
	(230, 255, 'unfriended', '1982-04-13 22:44:32', '2002-08-16 00:20:18'),
	(232, 210, 'declined', '2016-10-01 08:31:31', '2008-01-13 03:48:42'),
	(232, 248, 'unfriended', '2010-07-30 23:24:19', '1980-03-15 03:59:42'),
	(232, 285, 'unfriended', '1981-08-01 22:15:00', '2017-01-30 18:50:54'),
	(235, 217, 'requested', '1994-03-24 21:56:52', '1978-06-08 07:26:22'),
	(235, 220, 'requested', '2002-03-11 21:27:03', '2006-09-22 02:20:25'),
	(236, 276, 'declined', '1998-12-12 19:08:00', '2004-01-31 17:28:15'),
	(238, 214, 'approved', '1989-03-02 06:51:50', '2005-06-13 12:44:00'),
	(239, 276, 'approved', '1973-12-31 05:10:11', '1989-12-28 18:14:48'),
	(239, 300, 'unfriended', '2012-03-31 10:12:16', '1995-11-11 12:59:54'),
	(241, 209, 'approved', '1973-03-04 08:29:07', '1970-11-01 04:03:58'),
	(241, 272, 'approved', '1997-06-20 06:42:16', '1971-08-01 02:00:53'),
	(244, 267, 'approved', '1983-09-06 17:32:32', '2011-12-16 15:27:52'),
	(246, 270, 'approved', '1979-10-30 13:03:29', '1970-01-14 20:21:01'),
	(246, 274, 'requested', '2017-01-08 14:05:18', '1973-01-17 16:24:17'),
	(247, 270, 'approved', '2020-05-20 00:42:27', '1989-12-17 05:41:23'),
	(248, 269, 'declined', '2020-04-29 11:28:39', '2009-02-20 01:32:32'),
	(251, 232, 'declined', '1983-09-16 18:38:58', '1997-10-22 09:39:24'),
	(252, 235, 'approved', '1975-10-30 11:40:35', '2018-03-02 03:08:48'),
	(252, 253, 'requested', '2009-12-11 14:30:17', '2016-07-02 05:18:41'),
	(252, 254, 'declined', '1989-04-14 14:23:29', '2009-12-29 00:52:54'),
	(252, 274, 'declined', '1991-11-02 16:34:34', '1996-08-13 19:24:08'),
	(253, 232, 'approved', '2016-06-28 20:03:35', '2009-01-15 21:31:26'),
	(254, 294, 'requested', '2002-05-16 21:52:37', '2015-01-07 22:50:02'),
	(255, 258, 'approved', '2004-06-23 03:22:03', '1994-05-22 15:01:18'),
	(256, 280, 'declined', '1999-12-18 11:06:27', '2012-12-28 12:28:01'),
	(257, 280, 'requested', '1989-07-02 19:10:52', '1990-04-07 01:09:10'),
	(259, 296, 'declined', '1991-11-12 17:07:17', '2004-10-29 10:58:30'),
	(260, 256, 'requested', '1978-12-08 17:07:38', '1990-03-16 19:13:16'),
	(263, 256, 'declined', '1979-03-14 07:40:22', '2011-01-01 02:32:55'),
	(264, 231, 'approved', '1992-09-14 20:06:53', '2020-10-02 11:47:18'),
	(264, 300, 'declined', '1985-12-19 21:04:22', '1986-01-21 15:07:54'),
	(266, 203, 'unfriended', '1978-09-04 19:45:52', '2006-10-02 21:17:37'),
	(266, 219, 'requested', '1985-01-19 16:05:59', '1972-01-14 22:24:41'),
	(267, 296, 'approved', '1990-11-22 23:27:01', '1976-07-08 02:07:39'),
	(268, 299, 'declined', '1999-01-28 15:24:19', '2006-02-02 08:49:29'),
	(269, 234, 'declined', '1990-05-31 21:00:43', '2000-08-28 10:59:12'),
	(269, 248, 'approved', '1997-07-17 01:02:05', '1990-07-16 03:59:22'),
	(272, 272, 'requested', '1980-07-25 10:47:25', '2013-09-03 14:06:30'),
	(272, 290, 'unfriended', '2017-05-18 08:19:08', '1982-09-04 22:01:32'),
	(274, 215, 'approved', '1977-02-18 19:29:55', '1997-09-20 15:51:37'),
	(275, 231, 'approved', '1974-02-12 00:23:41', '2001-07-17 19:15:21'),
	(275, 251, 'approved', '1998-10-21 03:57:15', '2005-02-13 14:31:04'),
	(275, 267, 'requested', '1971-01-30 16:29:25', '1993-03-12 02:27:48'),
	(276, 211, 'requested', '1990-07-24 05:53:37', '1973-11-05 00:44:40'),
	(276, 253, 'declined', '2016-03-10 17:02:06', '1980-11-18 18:43:29'),
	(277, 213, 'requested', '2008-08-26 17:20:57', '1980-08-21 05:11:17'),
	(277, 268, 'requested', '1999-05-15 09:01:30', '1981-08-25 16:19:15'),
	(278, 294, 'approved', '1976-11-05 01:23:46', '1990-09-30 11:30:55'),
	(281, 287, 'requested', '2011-07-16 21:50:07', '1972-06-24 09:55:52'),
	(283, 223, 'declined', '1996-06-26 05:12:52', '2013-03-01 16:03:26'),
	(283, 298, 'declined', '1994-04-04 05:43:29', '1974-04-09 10:01:13'),
	(286, 255, 'unfriended', '1973-02-25 16:05:00', '2019-04-21 00:06:25'),
	(288, 210, 'requested', '2019-09-02 11:10:02', '2001-06-17 11:50:07'),
	(288, 211, 'approved', '1987-06-27 12:07:30', '1980-04-13 06:39:12'),
	(289, 208, 'declined', '1991-06-21 07:16:13', '1971-04-04 11:28:29'),
	(289, 236, 'declined', '1972-08-08 05:48:10', '1978-08-10 13:54:53'),
	(289, 247, 'declined', '2003-01-20 20:27:32', '1992-12-20 19:13:45'),
	(289, 248, 'declined', '2005-11-19 12:30:34', '2004-04-13 09:46:05'),
	(289, 250, 'approved', '1975-08-13 01:12:22', '2010-12-14 04:12:26'),
	(292, 231, 'approved', '1986-01-22 08:14:12', '2001-08-03 22:47:55'),
	(293, 280, 'unfriended', '1995-09-09 02:35:44', '1980-04-07 17:20:16'),
	(294, 244, 'unfriended', '1978-03-28 08:45:39', '1982-06-04 06:05:33'),
	(295, 224, 'requested', '1979-02-02 06:14:31', '1984-10-28 17:03:00'),
	(295, 293, 'unfriended', '1997-03-07 07:16:42', '1982-11-28 06:53:25'),
	(297, 286, 'requested', '2003-03-22 00:33:59', '2015-09-10 11:48:54'),
	(298, 234, 'unfriended', '1990-03-17 14:46:18', '1986-07-09 09:34:30'),
	(298, 258, 'approved', '1996-11-29 06:40:46', '1972-12-20 17:53:14'),
	(300, 206, 'requested', '1991-05-23 19:54:37', '1973-11-28 21:33:26');
/*!40000 ALTER TABLE `friend_requests` ENABLE KEYS */;

-- Дамп структуры для таблица vk.games
CREATE TABLE IF NOT EXISTS `games` (
  `id` bigint unsigned NOT NULL AUTO_INCREMENT,
  `game_title` varchar(50) CHARACTER SET utf8 COLLATE utf8_unicode_ci NOT NULL,
  `game_url` varchar(50) CHARACTER SET utf8 COLLATE utf8_unicode_ci NOT NULL,
  `game_meta` varchar(50) CHARACTER SET utf8 COLLATE utf8_unicode_ci NOT NULL,
  PRIMARY KEY (`id`)
) ENGINE=InnoDB AUTO_INCREMENT=301 DEFAULT CHARSET=utf8 COLLATE=utf8_unicode_ci;

-- Дамп данных таблицы vk.games: ~100 rows (приблизительно)
/*!40000 ALTER TABLE `games` DISABLE KEYS */;
INSERT INTO `games` (`id`, `game_title`, `game_url`, `game_meta`) VALUES
	(201, 'Repellendus cumque eum voluptatum.', 'http://millerdenesik.net/', 'Atque voluptas facilis est sapiente.'),
	(202, 'Voluptas qui quas et sed amet autem.', 'http://hamill.com/', 'Assumenda qui non in exercitationem suscipit deser'),
	(203, 'Vitae dicta doloremque voluptatem est facilis volu', 'http://www.tillmangutmann.biz/', 'Ut ut impedit quisquam aliquam maxime.'),
	(204, 'Nostrum et minus sit voluptas dolorum excepturi in', 'http://www.carroll.com/', 'Et ipsam neque consequatur omnis earum.'),
	(205, 'Impedit eius id molestias minus.', 'http://www.mckenzie.com/', 'Est dolores eaque quia illum est reiciendis mollit'),
	(206, 'Non voluptatem nihil delectus magnam eos aspernatu', 'http://boganwisozk.biz/', 'Illo qui quis sed deserunt consectetur.'),
	(207, 'Consequatur consequatur facere alias aperiam cupid', 'http://www.langoshstamm.com/', 'At numquam nihil iure sed temporibus voluptas.'),
	(208, 'Maiores aut animi vitae commodi doloremque nesciun', 'http://miller.biz/', 'Odio officia harum voluptatem est perferendis vita'),
	(209, 'Est ut delectus consequuntur ut enim aut.', 'http://hammeskris.com/', 'Laboriosam nostrum autem aspernatur at omnis ratio'),
	(210, 'Quisquam architecto vel quaerat eligendi eos omnis', 'http://cormier.com/', 'Quasi nihil sunt totam accusantium ut.'),
	(211, 'Est ipsa sed et illo laudantium inventore.', 'http://terryjakubowski.com/', 'Voluptas expedita laudantium optio non.'),
	(212, 'Distinctio illo nemo architecto.', 'http://bahringer.com/', 'Quos adipisci ducimus voluptas sint.'),
	(213, 'Id et exercitationem itaque nesciunt id consequatu', 'http://runolfsdottir.net/', 'Sunt cupiditate animi ratione eaque velit dolorem '),
	(214, 'Voluptas nihil maiores non magnam.', 'http://jerdekoepp.net/', 'Et eligendi vero enim repudiandae voluptas omnis.'),
	(215, 'Dolorem corrupti excepturi mollitia qui.', 'http://www.bailey.com/', 'Accusamus fugit ipsa rerum perferendis architecto '),
	(216, 'Itaque atque quaerat quia sint.', 'http://www.leffler.net/', 'Magnam qui facilis repudiandae perspiciatis consec'),
	(217, 'Eos et deleniti eius aliquid tempore sequi molesti', 'http://www.donnelly.org/', 'Accusamus molestiae facere velit et odit ut natus.'),
	(218, 'Aut aut at recusandae incidunt est natus.', 'http://www.mertzturcotte.com/', 'Debitis qui nulla et in et.'),
	(219, 'Voluptas cum placeat in doloribus temporibus nihil', 'http://simonis.com/', 'Non labore voluptate qui nihil.'),
	(220, 'Provident omnis ut beatae quidem est et autem inci', 'http://www.kovacek.com/', 'Aut aspernatur eaque nobis qui.'),
	(221, 'Necessitatibus eaque et numquam fugit natus et fac', 'http://walter.com/', 'Explicabo quae nulla ducimus quibusdam accusamus.'),
	(222, 'Voluptatem dolorum et officia doloribus.', 'http://www.kassulkeward.com/', 'Voluptatem sint delectus qui exercitationem ut ame'),
	(223, 'Pariatur voluptatem sed quia ea pariatur quia.', 'http://www.spinka.com/', 'Qui laboriosam magnam magni illo velit rerum aut.'),
	(224, 'Ut exercitationem est eveniet ducimus consequatur ', 'http://www.nitzschereichert.biz/', 'Itaque amet labore aliquid nam ut totam soluta aut'),
	(225, 'Cum quae facilis aperiam perspiciatis.', 'http://haag.info/', 'Adipisci qui aut hic aut voluptatum ex illum est.'),
	(226, 'Adipisci dolor occaecati ipsa voluptatum sit natus', 'http://www.larkin.net/', 'Animi ea vel reprehenderit adipisci dolorem animi '),
	(227, 'Eum voluptatibus vel perferendis quas sunt.', 'http://mraz.info/', 'Illum quos aut qui accusamus consequuntur.'),
	(228, 'Assumenda iusto natus consequatur nobis.', 'http://schumm.info/', 'Aspernatur accusantium totam voluptatibus.'),
	(229, 'Excepturi voluptas et atque molestias consectetur ', 'http://www.zboncak.com/', 'Ab porro sunt quos assumenda hic in.'),
	(230, 'Dolorem est cum tempore incidunt.', 'http://bayerrussel.org/', 'Maiores asperiores voluptates consequatur rerum.'),
	(231, 'Ducimus eaque hic non architecto et.', 'http://www.schinnercummings.com/', 'Blanditiis non molestiae rerum rem et.'),
	(232, 'Et accusantium consequatur eum dolor.', 'http://www.wilderman.com/', 'Id quasi omnis et.'),
	(233, 'Doloremque fuga qui atque vero enim et.', 'http://oconnernienow.com/', 'Omnis sit quod ratione fuga eum quisquam quidem vo'),
	(234, 'Ut quo aperiam magni doloremque quam.', 'http://greenfelder.com/', 'Aperiam quisquam occaecati omnis quia labore quas '),
	(235, 'Rerum earum consequatur ut enim voluptate.', 'http://kemmer.info/', 'Unde vero voluptatem animi eum nihil molestiae.'),
	(236, 'Nam ut voluptas id.', 'http://www.stoltenberg.com/', 'Delectus qui maxime sequi molestias temporibus rer'),
	(237, 'Aperiam aut nulla esse quo ut in accusamus.', 'http://www.runolfsdottirferry.com/', 'Recusandae quia voluptatem sed debitis at ea aperi'),
	(238, 'Ullam cum dolores exercitationem alias et voluptas', 'http://www.darezemlak.com/', 'Molestiae dolorum ut aperiam culpa ea culpa.'),
	(239, 'Quis earum magni dolorem aut hic ipsum ut.', 'http://www.huels.biz/', 'Beatae dolorem est nisi.'),
	(240, 'Tenetur sit officia a odio eveniet similique.', 'http://sporereichmann.org/', 'Quos autem non ut.'),
	(241, 'Commodi rerum rem beatae possimus.', 'http://www.huels.com/', 'Nostrum ut ut nobis recusandae est fugit est aut.'),
	(242, 'Aut quas blanditiis laudantium est corrupti esse q', 'http://www.kulas.com/', 'Reprehenderit voluptatem id et sed impedit perspic'),
	(243, 'Non numquam excepturi rerum voluptatem.', 'http://adams.com/', 'Maiores consequatur quia explicabo.'),
	(244, 'Consequuntur incidunt quas earum est rerum volupta', 'http://www.reichert.biz/', 'Non placeat facere quas amet alias.'),
	(245, 'Animi omnis beatae repellat aut quo sed.', 'http://www.wilkinsonhickle.com/', 'Non repudiandae minus cumque hic.'),
	(246, 'Qui veritatis a magni beatae.', 'http://www.medhurst.com/', 'Quod accusantium velit eius qui quia esse nulla du'),
	(247, 'Aut deleniti itaque molestias ut.', 'http://baumbachrunte.com/', 'At ad non qui fugit.'),
	(248, 'Ut odio fugiat officia aut id.', 'http://lynch.info/', 'Nobis odit quia doloribus nihil non.'),
	(249, 'Molestiae tenetur et eos facere tempora molestiae ', 'http://www.gulgowskicorkery.com/', 'Rerum voluptatem velit culpa voluptatem.'),
	(250, 'Odio non repellat sed nisi et dolore molestias del', 'http://nienow.org/', 'Exercitationem earum rerum voluptas deleniti volup'),
	(251, 'Fugit eligendi id possimus et ducimus deleniti et.', 'http://www.cremin.com/', 'Magnam reiciendis aut aperiam voluptas.'),
	(252, 'Corrupti qui quos nihil unde aperiam eaque digniss', 'http://leuschke.biz/', 'Mollitia autem atque recusandae magnam.'),
	(253, 'Dicta aut reprehenderit voluptatem.', 'http://wuckert.net/', 'Earum molestias id nam laboriosam vel aliquid.'),
	(254, 'Velit voluptatibus ratione ipsam eveniet mollitia ', 'http://cormierblanda.com/', 'Est sed praesentium non et veritatis dicta.'),
	(255, 'Repellendus sunt expedita pariatur et id saepe off', 'http://www.turner.com/', 'Ut ullam distinctio et necessitatibus.'),
	(256, 'Reiciendis vel eos molestias rerum inventore deser', 'http://www.simonis.biz/', 'Dolorem ut impedit voluptatibus itaque dicta offic'),
	(257, 'Odio soluta est aliquam magnam natus et adipisci i', 'http://schuster.net/', 'Illo est aperiam incidunt nesciunt culpa.'),
	(258, 'Ut delectus et quo aut eum ut.', 'http://windler.com/', 'Sequi dicta ullam quos accusantium consequatur cum'),
	(259, 'Est amet eius eligendi dicta quo.', 'http://effertzstanton.net/', 'Aut ea distinctio vel commodi alias.'),
	(260, 'Omnis aliquam vitae incidunt maxime et beatae.', 'http://legroskuhn.info/', 'Occaecati voluptates laudantium sequi qui facilis '),
	(261, 'Qui recusandae nemo est.', 'http://www.wilderman.com/', 'Esse quaerat cumque quos labore rerum quia.'),
	(262, 'Dolor et vel accusantium et rerum.', 'http://www.hyattkassulke.com/', 'Iste odit vel eos expedita distinctio quia.'),
	(263, 'Possimus debitis est et ut odio ea numquam.', 'http://nitzschepfeffer.com/', 'Fugiat ea occaecati architecto nesciunt incidunt a'),
	(264, 'Eum consequuntur quia quae.', 'http://sipessawayn.org/', 'Dolores dolore quidem praesentium rerum.'),
	(265, 'Fuga voluptates aliquid et omnis voluptas placeat ', 'http://www.okon.com/', 'Quam aut corrupti doloremque sed vitae.'),
	(266, 'Veniam sapiente in voluptas nihil.', 'http://www.hintzkulas.com/', 'Eaque harum consectetur delectus facilis omnis.'),
	(267, 'Asperiores qui nesciunt dolor.', 'http://www.kirlinmcdermott.biz/', 'Nostrum cupiditate possimus nemo expedita.'),
	(268, 'Dolores eius odio sapiente ab.', 'http://www.bartoletti.biz/', 'Suscipit non sed est.'),
	(269, 'Et harum laudantium voluptatem temporibus et odio ', 'http://www.jaskolski.com/', 'Atque similique sunt voluptas voluptatem.'),
	(270, 'Nihil dolores aut est libero delectus adipisci lab', 'http://www.bauch.org/', 'Quis deleniti non quam optio facilis laudantium do'),
	(271, 'Eius ut distinctio ex quo.', 'http://vonruedenspencer.com/', 'Rerum nesciunt quod aut eaque et.'),
	(272, 'Repellendus harum nulla et nihil.', 'http://www.lemkelang.com/', 'Culpa qui ipsa eius quidem aperiam nihil debitis.'),
	(273, 'Illo aut sequi blanditiis iste.', 'http://shanahan.com/', 'Necessitatibus tempore sapiente distinctio quo vol'),
	(274, 'Quaerat odio consequatur rerum voluptas qui harum ', 'http://metz.biz/', 'Vel ut sapiente tempore doloribus ut enim.'),
	(275, 'Quis soluta adipisci quia numquam quis consequuntu', 'http://www.hettinger.info/', 'Sit mollitia fugit laudantium sit neque.'),
	(276, 'Velit beatae aut possimus eveniet.', 'http://hammeswaters.net/', 'Non sit voluptas non alias.'),
	(277, 'Ab quisquam at debitis alias sit.', 'http://www.mullermosciski.com/', 'Voluptatem itaque minus reiciendis consequatur und'),
	(278, 'Aut aut voluptate doloribus sed sed quos.', 'http://www.runte.com/', 'Id vel qui quisquam et.'),
	(279, 'Ab porro dolore explicabo architecto.', 'http://johnstonlittel.org/', 'Amet minus porro non.'),
	(280, 'Illo culpa laudantium aperiam excepturi et omnis d', 'http://www.bogan.com/', 'Qui sapiente perferendis magnam magni autem vel.'),
	(281, 'Delectus laborum id dolorum ut earum.', 'http://turnergleason.com/', 'Sunt quasi error omnis aut provident possimus assu'),
	(282, 'Quam aut ut laudantium quos.', 'http://bogan.info/', 'Aliquid dolores quis beatae.'),
	(283, 'Consequatur sed ut est voluptatem sunt voluptatem ', 'http://hermistonpouros.com/', 'Natus voluptatem odit similique cupiditate molesti'),
	(284, 'Unde perferendis qui sit eos.', 'http://www.roobcarter.org/', 'Explicabo dolores voluptatum ut consequatur.'),
	(285, 'Eos voluptatum modi quis ut et ad sunt.', 'http://hand.com/', 'Quo saepe sit exercitationem sapiente tempore mole'),
	(286, 'Enim qui et omnis quod quis libero accusamus aut.', 'http://bailey.com/', 'Qui sapiente harum in et.'),
	(287, 'Sint consectetur omnis minima tempore culpa quidem', 'http://www.olson.com/', 'Eos qui cum aut reprehenderit quas aliquid ad.'),
	(288, 'Culpa quibusdam repudiandae atque occaecati ipsa s', 'http://casper.com/', 'Ut in ut fugit iusto dolore dolorem est.'),
	(289, 'Cum occaecati dolore sapiente minus repudiandae om', 'http://streich.net/', 'Ducimus natus fugit qui voluptatem.'),
	(290, 'Voluptas minus assumenda doloremque velit sed anim', 'http://www.kohler.info/', 'Itaque rerum velit odit esse sit totam sit cupidit'),
	(291, 'Id veniam vitae asperiores qui at.', 'http://www.nolan.com/', 'Quod labore possimus voluptatem itaque eius placea'),
	(292, 'Repellendus amet sit ut corporis.', 'http://www.beier.com/', 'Qui quo deserunt tenetur sint.'),
	(293, 'Sapiente voluptatum et officia at voluptatum et.', 'http://www.collier.com/', 'Necessitatibus fugit hic ullam.'),
	(294, 'Quod consequuntur animi mollitia.', 'http://fritsch.com/', 'Omnis quia soluta aperiam rerum et sed sequi cupid'),
	(295, 'Magnam voluptas eum voluptatem quia quia.', 'http://harberbashirian.biz/', 'Ut quia voluptas debitis possimus.'),
	(296, 'Beatae voluptatum dolores ut qui.', 'http://www.zulaufgreenholt.com/', 'Cupiditate esse nulla enim tempore nihil.'),
	(297, 'Officiis aut laborum nemo deserunt.', 'http://koepphalvorson.com/', 'Velit minus fuga ipsa sequi et aut maiores.'),
	(298, 'Blanditiis consectetur non autem minus mollitia qu', 'http://haag.com/', 'Consequatur omnis blanditiis quia expedita est ill'),
	(299, 'Eos dicta itaque nihil odio eos.', 'http://www.hilpertkessler.com/', 'Recusandae ullam nesciunt maxime quo quo in repell'),
	(300, 'Consequuntur animi eaque quaerat omnis accusantium', 'http://rippinhickle.info/', 'Est unde quis voluptates eum.');
/*!40000 ALTER TABLE `games` ENABLE KEYS */;

-- Дамп структуры для таблица vk.games_user
CREATE TABLE IF NOT EXISTS `games_user` (
  `user_id` bigint unsigned NOT NULL,
  `games_id` bigint unsigned NOT NULL,
  PRIMARY KEY (`user_id`,`games_id`),
  KEY `games_id` (`games_id`),
  CONSTRAINT `games_user_fk1` FOREIGN KEY (`user_id`) REFERENCES `users` (`id`),
  CONSTRAINT `games_user_fk2` FOREIGN KEY (`games_id`) REFERENCES `games` (`id`)
) ENGINE=InnoDB DEFAULT CHARSET=utf8 COLLATE=utf8_unicode_ci;

-- Дамп данных таблицы vk.games_user: ~200 rows (приблизительно)
/*!40000 ALTER TABLE `games_user` DISABLE KEYS */;
INSERT INTO `games_user` (`user_id`, `games_id`) VALUES
	(202, 201),
	(205, 201),
	(210, 202),
	(227, 202),
	(250, 202),
	(283, 202),
	(279, 203),
	(249, 204),
	(268, 205),
	(274, 207),
	(261, 208),
	(271, 208),
	(236, 210),
	(252, 210),
	(283, 210),
	(204, 211),
	(240, 212),
	(243, 212),
	(215, 213),
	(207, 214),
	(224, 214),
	(263, 215),
	(240, 216),
	(245, 216),
	(262, 217),
	(278, 217),
	(260, 218),
	(270, 218),
	(202, 219),
	(231, 219),
	(275, 219),
	(279, 219),
	(248, 220),
	(227, 221),
	(245, 222),
	(287, 223),
	(264, 224),
	(279, 224),
	(226, 225),
	(238, 225),
	(226, 226),
	(240, 226),
	(268, 226),
	(210, 229),
	(227, 229),
	(272, 230),
	(221, 231),
	(239, 231),
	(222, 233),
	(232, 233),
	(245, 234),
	(260, 234),
	(263, 234),
	(205, 235),
	(234, 235),
	(280, 235),
	(201, 236),
	(241, 236),
	(290, 236),
	(238, 237),
	(211, 238),
	(268, 238),
	(295, 238),
	(219, 239),
	(234, 239),
	(261, 239),
	(264, 239),
	(269, 239),
	(277, 239),
	(260, 240),
	(287, 240),
	(298, 240),
	(207, 241),
	(229, 241),
	(260, 241),
	(208, 244),
	(225, 244),
	(248, 244),
	(231, 245),
	(206, 246),
	(209, 246),
	(241, 246),
	(248, 246),
	(259, 246),
	(285, 246),
	(221, 247),
	(287, 247),
	(216, 248),
	(254, 248),
	(207, 249),
	(214, 249),
	(220, 249),
	(205, 250),
	(211, 250),
	(267, 250),
	(289, 250),
	(231, 251),
	(241, 251),
	(245, 251),
	(253, 251),
	(257, 251),
	(235, 252),
	(255, 253),
	(202, 254),
	(225, 254),
	(241, 254),
	(211, 256),
	(242, 256),
	(292, 256),
	(213, 257),
	(225, 257),
	(226, 257),
	(257, 257),
	(297, 257),
	(248, 259),
	(296, 259),
	(230, 260),
	(283, 260),
	(219, 261),
	(290, 261),
	(295, 261),
	(260, 262),
	(296, 262),
	(287, 263),
	(300, 263),
	(252, 264),
	(280, 264),
	(227, 265),
	(228, 265),
	(239, 265),
	(275, 265),
	(284, 265),
	(286, 265),
	(264, 266),
	(272, 266),
	(277, 266),
	(285, 266),
	(223, 267),
	(256, 269),
	(237, 270),
	(250, 270),
	(268, 270),
	(269, 271),
	(286, 271),
	(296, 271),
	(273, 272),
	(288, 272),
	(230, 273),
	(290, 273),
	(298, 273),
	(261, 274),
	(245, 275),
	(261, 275),
	(211, 276),
	(213, 276),
	(268, 276),
	(299, 276),
	(254, 278),
	(259, 278),
	(267, 278),
	(293, 278),
	(286, 279),
	(253, 280),
	(267, 280),
	(206, 281),
	(232, 281),
	(252, 281),
	(215, 283),
	(217, 283),
	(243, 283),
	(254, 283),
	(281, 283),
	(261, 285),
	(206, 286),
	(234, 286),
	(206, 288),
	(211, 288),
	(228, 288),
	(260, 288),
	(277, 288),
	(289, 289),
	(261, 290),
	(277, 290),
	(299, 290),
	(209, 292),
	(228, 292),
	(254, 292),
	(228, 293),
	(238, 293),
	(248, 293),
	(279, 293),
	(235, 294),
	(245, 294),
	(257, 294),
	(291, 295),
	(201, 296),
	(204, 297),
	(246, 297),
	(230, 299),
	(208, 300);
/*!40000 ALTER TABLE `games_user` ENABLE KEYS */;

-- Дамп структуры для таблица vk.likes
CREATE TABLE IF NOT EXISTS `likes` (
  `id` bigint unsigned NOT NULL AUTO_INCREMENT,
  `user_id` bigint unsigned NOT NULL,
  `media_id` bigint unsigned NOT NULL,
  `created_at` datetime DEFAULT CURRENT_TIMESTAMP,
  UNIQUE KEY `id` (`id`),
  KEY `likes_fk` (`media_id`),
  KEY `likes_fk_1` (`user_id`),
  CONSTRAINT `likes_fk` FOREIGN KEY (`media_id`) REFERENCES `media` (`id`),
  CONSTRAINT `likes_fk_1` FOREIGN KEY (`user_id`) REFERENCES `users` (`id`)
) ENGINE=InnoDB AUTO_INCREMENT=301 DEFAULT CHARSET=utf8 COLLATE=utf8_unicode_ci;

-- Дамп данных таблицы vk.likes: ~100 rows (приблизительно)
/*!40000 ALTER TABLE `likes` DISABLE KEYS */;
INSERT INTO `likes` (`id`, `user_id`, `media_id`, `created_at`) VALUES
	(201, 209, 201, '2003-04-16 19:36:32'),
	(202, 279, 202, '2015-11-01 21:39:36'),
	(203, 210, 203, '1980-05-26 01:09:03'),
	(204, 280, 204, '2021-03-28 08:18:36'),
	(205, 265, 205, '2016-08-20 01:29:43'),
	(206, 295, 206, '2018-12-24 23:51:04'),
	(207, 283, 207, '2019-09-20 05:57:21'),
	(208, 226, 208, '1981-10-29 16:06:46'),
	(209, 208, 209, '2004-09-15 07:43:14'),
	(210, 207, 210, '1975-01-21 00:24:27'),
	(211, 204, 211, '1982-01-26 14:24:58'),
	(212, 257, 212, '1988-10-06 14:37:34'),
	(213, 271, 213, '1993-01-17 06:38:51'),
	(214, 238, 214, '2000-05-25 17:14:02'),
	(215, 263, 215, '2013-05-29 02:37:24'),
	(216, 239, 216, '1994-03-08 07:14:48'),
	(217, 277, 217, '2005-09-05 12:05:18'),
	(218, 286, 218, '1978-08-30 11:15:56'),
	(219, 261, 219, '1973-02-13 18:25:08'),
	(220, 246, 220, '1995-05-12 21:43:42'),
	(221, 203, 221, '1980-07-17 09:18:18'),
	(222, 289, 222, '2020-01-06 03:56:13'),
	(223, 256, 223, '2015-04-05 15:10:46'),
	(224, 225, 224, '1981-03-08 14:18:32'),
	(225, 290, 225, '1993-10-30 02:12:09'),
	(226, 243, 226, '2011-07-30 20:22:15'),
	(227, 257, 227, '1980-08-17 09:17:20'),
	(228, 298, 228, '1990-01-29 16:09:55'),
	(229, 231, 229, '1999-11-13 17:11:58'),
	(230, 208, 230, '1990-11-21 17:01:34'),
	(231, 250, 231, '2008-03-14 22:59:47'),
	(232, 288, 232, '1972-08-30 21:20:41'),
	(233, 297, 233, '1983-07-07 08:10:16'),
	(234, 225, 234, '2010-05-27 18:25:59'),
	(235, 215, 235, '2013-01-10 23:36:20'),
	(236, 271, 236, '1984-08-17 15:07:45'),
	(237, 222, 237, '2015-08-21 18:15:55'),
	(238, 274, 238, '1980-12-10 17:03:22'),
	(239, 286, 239, '2005-10-26 03:16:35'),
	(240, 210, 240, '2000-10-08 12:14:01'),
	(241, 231, 241, '1985-06-29 14:06:32'),
	(242, 245, 242, '1998-04-05 02:27:22'),
	(243, 201, 243, '1975-01-13 12:42:21'),
	(244, 226, 244, '2001-10-29 16:12:19'),
	(245, 255, 245, '1984-07-19 13:46:29'),
	(246, 224, 246, '2003-02-07 09:32:16'),
	(247, 220, 247, '1977-03-12 22:47:55'),
	(248, 256, 248, '1987-09-30 01:59:53'),
	(249, 255, 249, '2002-03-12 20:22:36'),
	(250, 284, 250, '1990-04-17 19:06:15'),
	(251, 290, 251, '1996-06-23 13:21:27'),
	(252, 278, 252, '1992-01-10 18:44:45'),
	(253, 235, 253, '2020-05-29 08:43:44'),
	(254, 297, 254, '1976-12-21 03:47:26'),
	(255, 292, 255, '1999-07-30 16:41:11'),
	(256, 281, 256, '2007-06-24 15:21:14'),
	(257, 236, 257, '2003-05-04 00:13:41'),
	(258, 233, 258, '2009-03-31 20:16:18'),
	(259, 269, 259, '1990-06-20 02:43:00'),
	(260, 286, 260, '1981-02-05 23:21:35'),
	(261, 260, 261, '1990-09-05 21:29:57'),
	(262, 258, 262, '1977-05-03 13:12:17'),
	(263, 206, 263, '1984-01-04 07:19:45'),
	(264, 224, 264, '1977-10-24 22:42:25'),
	(265, 282, 265, '1978-02-26 17:48:56'),
	(266, 236, 266, '1999-12-15 09:19:39'),
	(267, 290, 267, '2000-02-23 13:36:27'),
	(268, 244, 268, '1993-01-29 05:49:09'),
	(269, 211, 269, '2012-05-14 15:01:38'),
	(270, 271, 270, '2019-06-08 00:28:42'),
	(271, 246, 271, '1988-03-13 22:51:11'),
	(272, 229, 272, '2006-03-12 02:35:59'),
	(273, 219, 273, '1990-09-26 15:11:22'),
	(274, 256, 274, '2014-06-08 13:08:14'),
	(275, 212, 275, '2013-07-02 00:38:49'),
	(276, 279, 276, '2003-08-13 22:55:05'),
	(277, 293, 277, '1984-04-10 02:48:54'),
	(278, 274, 278, '2007-02-03 11:51:57'),
	(279, 206, 279, '1977-05-14 07:50:25'),
	(280, 232, 280, '1971-07-24 06:30:12'),
	(281, 274, 281, '2020-01-24 11:13:46'),
	(282, 240, 282, '1976-11-14 14:56:15'),
	(283, 250, 283, '1995-02-23 18:12:09'),
	(284, 267, 284, '1989-06-20 04:07:06'),
	(285, 261, 285, '1984-07-26 09:52:34'),
	(286, 201, 286, '1981-08-14 15:57:30'),
	(287, 290, 287, '1991-12-30 02:33:05'),
	(288, 210, 288, '1976-10-09 06:07:17'),
	(289, 271, 289, '1975-06-15 07:45:12'),
	(290, 269, 290, '1980-05-11 13:54:29'),
	(291, 281, 291, '1979-09-19 12:28:43'),
	(292, 203, 292, '1973-12-13 08:18:34'),
	(293, 220, 293, '1972-10-16 19:55:18'),
	(294, 295, 294, '1991-01-24 17:52:40'),
	(295, 289, 295, '1975-11-18 16:53:29'),
	(296, 254, 296, '2021-05-05 01:14:29'),
	(297, 227, 297, '1987-10-10 13:25:09'),
	(298, 235, 298, '1994-12-25 23:44:08'),
	(299, 203, 299, '1984-01-24 05:52:26'),
	(300, 285, 300, '2021-08-18 22:06:44');
/*!40000 ALTER TABLE `likes` ENABLE KEYS */;

-- Дамп структуры для таблица vk.media
CREATE TABLE IF NOT EXISTS `media` (
  `id` bigint unsigned NOT NULL AUTO_INCREMENT,
  `media_type_id` bigint unsigned NOT NULL,
  `user_id` bigint unsigned NOT NULL,
  `body` text CHARACTER SET utf8 COLLATE utf8_unicode_ci,
  `filename` varchar(255) CHARACTER SET utf8 COLLATE utf8_unicode_ci DEFAULT NULL,
  `size` int DEFAULT NULL,
  `metadata` longtext CHARACTER SET utf8mb4 COLLATE utf8mb4_bin,
  `created_at` datetime DEFAULT CURRENT_TIMESTAMP,
  `updated_at` datetime DEFAULT NULL ON UPDATE CURRENT_TIMESTAMP,
  UNIQUE KEY `id` (`id`),
  KEY `user_id` (`user_id`),
  KEY `media_type_id` (`media_type_id`),
  CONSTRAINT `media_ibfk_1` FOREIGN KEY (`user_id`) REFERENCES `users` (`id`),
  CONSTRAINT `media_ibfk_2` FOREIGN KEY (`media_type_id`) REFERENCES `media_types` (`id`),
  CONSTRAINT `media_chk_1` CHECK (json_valid(`metadata`))
) ENGINE=InnoDB AUTO_INCREMENT=401 DEFAULT CHARSET=utf8 COLLATE=utf8_unicode_ci;

-- Дамп данных таблицы vk.media: ~200 rows (приблизительно)
/*!40000 ALTER TABLE `media` DISABLE KEYS */;
INSERT INTO `media` (`id`, `media_type_id`, `user_id`, `body`, `filename`, `size`, `metadata`, `created_at`, `updated_at`) VALUES
	(201, 105, 201, 'Cum consequatur veritatis harum repellendus iure cupiditate doloribus eveniet. Ut doloribus dolor autem sit quia sint. Ipsa natus est occaecati a natus ea aut exercitationem. Qui nisi architecto placeat voluptatem rerum quia et.', 'incidunt', 105222314, NULL, '2017-02-15 04:49:28', '1977-11-27 14:19:46'),
	(202, 106, 202, 'Eum reprehenderit praesentium porro distinctio officiis a corrupti. Nihil totam totam totam soluta. Sequi ab nihil aspernatur nostrum.', 'mollitia', 849922286, NULL, '2007-09-25 07:10:33', '1986-05-05 18:31:04'),
	(203, 107, 203, 'Cupiditate distinctio ut nihil consequatur harum velit. Corrupti consectetur est sint modi dignissimos dolores et ut. Deleniti dolor repellendus ut voluptatem velit sit incidunt. Et consectetur accusantium beatae.', 'eum', 63, NULL, '2021-03-30 23:35:37', '1971-07-07 05:40:45'),
	(204, 105, 204, 'Veniam provident reiciendis et quo. Voluptatem occaecati unde delectus. Est molestiae omnis tempore nam eius. Molestias harum autem repellat nulla commodi aut dolores non.', 'rerum', 6, NULL, '2006-09-25 19:07:06', '1991-02-28 08:39:50'),
	(205, 106, 205, 'Ut et earum ipsum sit vitae. Culpa molestiae illum nihil ratione. Ipsam consectetur blanditiis dignissimos.', 'occaecati', 0, NULL, '1999-01-15 15:34:09', '1984-09-24 07:14:24'),
	(206, 107, 206, 'Labore et hic iste ut rerum ut enim. Aut aliquid hic dolore.', 'a', 3996624, NULL, '2003-12-24 17:51:34', '2011-10-17 14:00:37'),
	(207, 105, 207, 'Nam ad exercitationem corporis ut quod nihil. Voluptas et quidem ut sint aut. Nulla minima ex inventore saepe. Enim molestias eveniet vero quaerat velit esse quae.', 'quia', 0, NULL, '1973-11-23 19:59:02', '2005-09-17 05:07:07'),
	(208, 106, 208, 'Qui consequatur natus tempora reiciendis tempore repudiandae sit. Id aperiam laboriosam eius consectetur non aut adipisci. Quia vel quo neque aut rerum perferendis.', 'ipsum', 7338, NULL, '2004-12-26 02:19:46', '2009-08-19 17:03:32'),
	(209, 107, 209, 'Dolorem accusamus earum consequatur magni facere qui doloribus. Expedita voluptatum fuga hic deleniti. Nobis aut consequuntur excepturi autem. Repellendus voluptates consequatur explicabo excepturi ex non. Odio dolor magnam unde dignissimos eaque.', 'quasi', 855733, NULL, '1982-02-11 15:24:11', '1991-06-16 17:48:45'),
	(210, 105, 210, 'Et blanditiis sunt consequatur optio nobis. Voluptatibus incidunt suscipit distinctio nisi et nihil. Voluptatum sint labore delectus odit modi dolorem.', 'et', 0, NULL, '1991-12-10 12:34:06', '1974-04-12 08:56:45'),
	(211, 106, 211, 'Enim dolor voluptates et iste. Qui aut voluptas dolorem voluptas nobis ut natus. Ut quia fugiat repellat commodi qui consequatur. Sit reiciendis similique dignissimos voluptates.', 'unde', 60662, NULL, '1979-07-09 23:41:55', '1991-10-10 21:30:29'),
	(212, 107, 212, 'Quia aut totam ipsa voluptatum ab omnis officiis at. Vel atque nam magnam voluptas laboriosam consequatur. Est repellendus consequatur aut iusto et iste recusandae.', 'aperiam', 6781, NULL, '1995-01-19 23:53:01', '1976-07-04 20:53:59'),
	(213, 105, 213, 'Perferendis quisquam quo itaque dignissimos quod quasi. Officia mollitia voluptatem dicta ducimus voluptatem accusantium dolores. Aut molestiae recusandae nobis.', 'et', 0, NULL, '1983-11-12 21:20:42', '1987-09-01 18:52:06'),
	(214, 106, 214, 'Sed dolor rem in veritatis. Quaerat est officia veritatis eum aperiam corporis. Ut occaecati ut ut voluptas facilis.', 'commodi', 7344257, NULL, '2011-06-29 23:29:57', '1999-02-14 08:22:13'),
	(215, 107, 215, 'Vero nobis dolores quis reprehenderit officiis harum. Officia non quasi repellendus enim. Dolores molestiae libero facilis est.', 'qui', 160, NULL, '1970-10-26 20:29:26', '2013-11-10 00:12:19'),
	(216, 105, 216, 'Quam modi similique laboriosam repellendus aperiam nulla consequuntur. Quae et nobis laborum nihil. Enim totam omnis necessitatibus eius corrupti. Voluptas facilis veritatis corporis et voluptatibus voluptas.', 'in', 0, NULL, '2012-02-12 12:44:00', '2004-01-23 15:50:29'),
	(217, 106, 217, 'Et qui aut et. Accusantium nisi voluptatem nisi praesentium itaque. Sunt voluptates laboriosam tenetur incidunt nemo eos et. Est et praesentium enim totam provident enim. Dolor temporibus praesentium perspiciatis odit repellat natus suscipit.', 'in', 3839403, NULL, '1981-01-31 08:30:49', '2018-01-24 22:16:56'),
	(218, 107, 218, 'Nostrum animi a iusto fugiat commodi sapiente. Sit sed perferendis nisi dolores cumque recusandae. Magnam nihil earum beatae ut nihil tempore aut. Sunt esse dolorem soluta aut ipsa accusantium.', 'officiis', 94810396, NULL, '1970-12-27 12:21:34', '2005-10-19 14:33:10'),
	(219, 105, 219, 'Atque deserunt similique iure et reiciendis mollitia eaque. Enim autem id error repellat neque. Beatae tempora qui est veniam et.', 'nostrum', 25, NULL, '2010-05-25 00:50:19', '1993-08-02 05:18:09'),
	(220, 106, 220, 'Eum aut deleniti distinctio quibusdam molestias rerum voluptates. Pariatur corrupti voluptatem autem sed. Provident qui et et fugit.', 'voluptatum', 523288128, NULL, '2012-09-11 00:29:09', '1981-04-04 10:07:58'),
	(221, 107, 221, 'Aut neque et cumque ex harum. Non a qui repudiandae. Illum alias tempora unde dolorem minima possimus.', 'in', 1, NULL, '1988-10-18 04:15:08', '2011-05-30 19:04:42'),
	(222, 105, 222, 'Exercitationem dolorum aut sit debitis dicta aut. Doloribus soluta aut cum quo assumenda. Eos quia animi error aut et tempore laudantium. Molestiae accusamus eveniet optio vitae at qui doloribus.', 'sint', 337018570, NULL, '1978-07-24 22:33:32', '1982-12-28 10:49:33'),
	(223, 106, 223, 'Sit perferendis veniam facere quo et sit. Velit odit maxime magnam quia enim velit. Odit odit numquam corporis atque quis et esse. Voluptas itaque suscipit quae facere vero est.', 'occaecati', 458979, NULL, '2005-03-21 09:53:32', '1990-02-03 03:09:59'),
	(224, 107, 224, 'Et debitis labore est quasi quis fugit possimus. Qui praesentium numquam ipsa qui expedita. Assumenda omnis et officia eum iste. Odio dolorem enim neque alias.', 'et', 6351, NULL, '1998-04-23 14:43:04', '2005-04-17 22:19:08'),
	(225, 105, 225, 'Aliquid tempora nesciunt facere perferendis ex asperiores alias. Et expedita beatae aut dignissimos officia qui vel praesentium. Officia eveniet assumenda molestias architecto.', 'dolorem', 41643712, NULL, '1978-04-08 13:04:29', '2000-05-13 18:11:13'),
	(226, 106, 226, 'Rerum rerum ut cum praesentium magnam eveniet. Et corrupti at totam quo a omnis. Laboriosam est eaque quaerat esse omnis quos.', 'nulla', 418751048, NULL, '2019-04-05 10:29:43', '1993-03-17 21:35:19'),
	(227, 107, 227, 'Sunt ex qui sint a. Laudantium sequi dolores sit non minima nobis. Sit eveniet autem sed.', 'dolore', 1598342, NULL, '2017-01-28 01:45:44', '1981-11-18 20:26:32'),
	(228, 105, 228, 'Sit ex et sint dolor et recusandae vel repudiandae. Alias corrupti alias ea debitis quae deserunt. Totam ullam et odio eaque. Voluptatibus facilis itaque quis voluptatem.', 'similique', 4, NULL, '1970-09-04 03:58:11', '1988-07-25 09:46:39'),
	(229, 106, 229, 'Repellendus sed consequatur minima. Ipsum sed est quod ut occaecati enim laboriosam. Alias velit accusantium voluptatem quia dolorum. Consequatur nostrum sint fugiat quisquam qui impedit quis.', 'modi', 59, NULL, '1973-03-01 04:10:02', '1981-12-18 10:29:09'),
	(230, 107, 230, 'Consequuntur molestiae quas minima voluptate. Et qui qui a minima repellendus laboriosam. Architecto culpa nesciunt odio necessitatibus sed quod laudantium. Repudiandae beatae in eveniet quos.', 'omnis', 130781, NULL, '2008-05-04 04:23:53', '1997-07-09 13:48:20'),
	(231, 105, 231, 'Dolore vel inventore enim impedit harum repudiandae molestiae. Voluptatem pariatur quae praesentium inventore voluptas. Omnis asperiores vero deleniti et. Praesentium sunt sed illo voluptatum non adipisci non.', 'nemo', 99037352, NULL, '1992-11-07 20:41:34', '1996-09-21 13:27:26'),
	(232, 106, 232, 'Quo temporibus quam in blanditiis earum. Aut ut quis et quasi error qui quia. Omnis at repellendus maxime tempore. Quam reiciendis quae quisquam quae necessitatibus.', 'non', 921399858, NULL, '2007-05-19 17:08:25', '1988-05-08 15:42:37'),
	(233, 107, 233, 'Harum vel tempore mollitia. Ut consectetur ea vero delectus pariatur quas blanditiis. Eum adipisci natus tempora assumenda tempore animi.', 'pariatur', 6, NULL, '2016-07-28 03:58:53', '1993-03-04 15:13:10'),
	(234, 105, 234, 'Assumenda odit exercitationem illo non et. Sint placeat numquam repudiandae. Et veniam odit modi aut et odio maiores. Tempore animi ratione dolor asperiores optio iusto doloremque omnis.', 'sunt', 0, NULL, '1979-08-21 00:05:29', '1988-06-09 10:33:45'),
	(235, 106, 235, 'Autem recusandae quisquam praesentium praesentium eos. Dolore porro cupiditate fugit odio libero nihil omnis. Nobis ut rem perspiciatis nemo aut libero. Veniam aut vitae ut atque illo.', 'beatae', 5538, NULL, '1978-03-16 07:27:58', '2018-11-12 04:15:55'),
	(236, 107, 236, 'A iste cumque ut est maiores atque enim. Asperiores dolorum voluptatem reiciendis odit qui dolores ad ad. Ipsam voluptas blanditiis aspernatur voluptatem.', 'incidunt', 0, NULL, '1986-02-09 04:22:40', '1998-07-24 20:45:20'),
	(237, 105, 237, 'Sequi est consectetur rem dolor excepturi quia. Assumenda sed ut earum temporibus quae. Nostrum amet laboriosam non doloremque eius ut porro sunt.', 'ea', 96231887, NULL, '1990-05-18 12:10:14', '1984-07-02 01:02:07'),
	(238, 106, 238, 'Non ratione numquam veniam nam ipsam sit. Quisquam eius sint ipsam tempore blanditiis recusandae. Ut architecto doloremque et quibusdam earum rerum.', 'accusamus', 888, NULL, '2018-05-11 16:16:37', '2019-02-12 00:57:48'),
	(239, 107, 239, 'Ut placeat voluptas ut culpa perferendis consectetur quia. Ipsa aut nihil ad debitis architecto. Repudiandae voluptates in fugit repudiandae ipsum consequuntur. Excepturi blanditiis commodi earum tenetur omnis.', 'accusamus', 1, NULL, '1988-06-12 10:31:48', '1979-04-20 17:21:38'),
	(240, 105, 240, 'Ut ea autem ipsam. Quidem reprehenderit error facere autem. Esse eum sunt velit eligendi magni. Minima inventore est aliquid enim ut nam.', 'mollitia', 300109103, NULL, '2019-03-23 03:52:11', '2012-08-15 04:09:16'),
	(241, 106, 241, 'Aut dolores provident error voluptatem aut omnis. Voluptatum temporibus quaerat voluptatum pariatur. Vitae quibusdam quia rem et. Numquam ad eos officiis natus.', 'deleniti', 7203, NULL, '1999-03-26 05:56:51', '1977-08-12 11:20:28'),
	(242, 107, 242, 'Minima a consequatur ducimus et quis praesentium explicabo. Est et sapiente architecto maiores. Debitis porro odio quibusdam dolor nobis quasi labore.', 'est', 0, NULL, '1991-11-16 10:20:15', '1983-12-15 07:52:11'),
	(243, 105, 243, 'Ratione et iusto corporis quis. Vel quo fugit voluptate.', 'dolore', 2, NULL, '2019-02-23 23:29:06', '1989-10-25 17:23:30'),
	(244, 106, 244, 'Quas voluptatem illo iure beatae. Dolorem rerum recusandae qui vero. Nulla officiis labore perspiciatis et recusandae.', 'aliquid', 339, NULL, '1977-06-13 17:21:50', '2016-07-12 23:02:09'),
	(245, 107, 245, 'Nostrum veniam quaerat ducimus doloremque quas. Ullam quis sequi non qui. Et magnam ex dicta. Voluptate harum qui nihil illo libero nostrum rerum possimus.', 'dolorum', 22682, NULL, '1997-04-19 07:15:59', '2009-01-10 03:39:06'),
	(246, 105, 246, 'Quaerat eveniet harum voluptas pariatur sequi. Consequatur aut ea nesciunt. Eveniet excepturi eos voluptatem hic. Occaecati perspiciatis dolores ut deserunt et vel in.', 'deserunt', 81902811, NULL, '1983-09-22 09:34:14', '2007-08-20 05:51:40'),
	(247, 106, 247, 'Provident at nostrum ab repudiandae qui. Et doloribus aspernatur sequi consequatur incidunt maiores aut. Et iusto commodi sapiente quia dignissimos dolor impedit. Unde dolores iure velit ducimus sint.', 'officiis', 0, NULL, '1978-12-05 20:35:51', '1994-08-17 08:03:13'),
	(248, 107, 248, 'Ut vero consequuntur aut ab eos soluta dolore. Voluptatem et temporibus expedita odio. Incidunt distinctio in exercitationem. Vitae alias explicabo maxime illo.', 'beatae', 780, NULL, '2012-07-01 13:50:10', '2013-05-27 06:49:33'),
	(249, 105, 249, 'Doloribus odio sed nisi delectus dolores a expedita. Nihil fugit error est voluptas animi recusandae. Sit incidunt pariatur autem deleniti sapiente dolores.', 'reprehenderit', 4947, NULL, '1984-02-10 09:25:00', '1983-04-06 06:39:29'),
	(250, 106, 250, 'Dolores esse doloremque accusantium repellendus omnis. Illum assumenda est qui tempore. Ratione dolorem enim maiores reiciendis corrupti. Maxime repellendus modi ut sunt vel.', 'modi', 4912, NULL, '1977-07-06 11:27:34', '1972-11-22 10:55:08'),
	(251, 107, 251, 'Voluptatibus omnis deserunt nulla odit quo nisi rem. Molestiae voluptas voluptatem odio id. Sapiente dolor dolores blanditiis aut praesentium. Reprehenderit quibusdam magni voluptas aut aut voluptatum aperiam minima.', 'quo', 45475, NULL, '1995-03-30 19:41:26', '1984-04-10 19:45:44'),
	(252, 105, 252, 'Voluptates dolor vel eos. Ipsam accusamus sunt libero est ab.', 'doloremque', 0, NULL, '1980-01-14 02:07:33', '1976-01-26 21:30:30'),
	(253, 106, 253, 'Labore officia illum nam rerum vitae qui quia. Ut sit necessitatibus eos odit rem. Voluptatibus aliquam autem aut eligendi laborum. Sunt praesentium et possimus cupiditate.', 'reprehenderit', 19, NULL, '2017-02-27 23:35:05', '1993-11-11 03:38:29'),
	(254, 107, 254, 'Neque animi reiciendis eligendi perferendis. Ad ratione sunt nam laudantium. Voluptatem velit laboriosam laboriosam ducimus error dolore.', 'sunt', 1, NULL, '1977-02-09 01:48:28', '1970-09-03 09:19:40'),
	(255, 105, 255, 'Ut eum cum vero veniam. Amet aut et harum voluptas harum ipsum laudantium est. Placeat eum ut excepturi possimus eum temporibus autem.', 'saepe', 28, NULL, '2004-04-24 22:09:56', '2000-01-27 06:48:45'),
	(256, 106, 256, 'Accusantium aliquam hic aut ex odio. Velit omnis labore consequatur incidunt. Dicta temporibus consequatur minus similique.', 'ipsa', 0, NULL, '1989-09-08 11:01:30', '1995-03-04 06:45:32'),
	(257, 107, 257, 'Aspernatur voluptatem aut eius. Aut aut facilis magni quos delectus sed. Non optio voluptatum quaerat id voluptatem amet.', 'quo', 52353, NULL, '1990-09-06 10:12:57', '1977-12-09 21:25:57'),
	(258, 105, 258, 'Esse ullam placeat porro vero fugit nulla perferendis. Quidem nihil officiis eius distinctio.', 'dolores', 38020, NULL, '1988-05-08 13:49:10', '2006-09-20 19:18:09'),
	(259, 106, 259, 'Consectetur et accusamus inventore qui aut. Saepe sed ea excepturi modi pariatur natus. Et doloribus et eius.', 'culpa', 0, NULL, '1999-11-20 00:49:04', '1980-02-15 17:53:51'),
	(260, 107, 260, 'Est maxime est id sed quia at quis corrupti. Ea animi aut non officia aliquam est. Rerum explicabo necessitatibus ut rerum.', 'voluptas', 6841, NULL, '2017-04-16 12:03:33', '2007-07-06 04:59:05'),
	(261, 105, 261, 'Dicta eos quisquam officia. Fugiat nobis ipsum rerum dolorum quia. Incidunt soluta perferendis sint quia quo molestiae quia.', 'fuga', 189137626, NULL, '2011-11-09 22:43:03', '1987-04-29 04:41:44'),
	(262, 106, 262, 'Atque sed aut deserunt hic corrupti ut reprehenderit. Sit velit dolor cum delectus. Ea fuga laboriosam sit quaerat eaque autem expedita. Delectus sit illo natus quaerat aut aut.', 'ea', 1416, NULL, '2014-02-17 15:45:54', '2013-01-19 12:03:26'),
	(263, 107, 263, 'Delectus dicta rem quaerat a hic aut aut quia. Temporibus laboriosam est aut veniam. Eligendi sed consequatur quis doloribus minima distinctio.', 'et', 817870, NULL, '1981-07-08 05:03:00', '1981-12-25 20:27:10'),
	(264, 105, 264, 'Omnis quaerat explicabo sit. Cupiditate amet neque quisquam sit. Molestias inventore nostrum veritatis numquam quisquam voluptas. Quasi sunt iusto harum ut et temporibus eum in. Id dolorem qui eaque consequatur qui.', 'assumenda', 72057, NULL, '1983-02-08 13:39:05', '1989-01-28 22:46:43'),
	(265, 106, 265, 'Incidunt iure sit velit similique error itaque ut. Cupiditate tenetur accusantium sed dicta corporis aut laudantium. Unde tempora rerum dolor minus quam quis dignissimos. Incidunt quibusdam possimus omnis similique placeat.', 'placeat', 63, NULL, '2010-04-21 11:57:28', '1986-09-22 15:44:30'),
	(266, 107, 266, 'Corrupti ipsum illo quidem unde sit necessitatibus ipsum. Sit voluptas doloremque quos qui nesciunt praesentium. Dolores ad saepe voluptate et.', 'autem', 219352, NULL, '1974-09-07 22:04:35', '1981-05-16 18:37:48'),
	(267, 105, 267, 'Qui sunt animi maiores et vero et. Eligendi quae eos ipsam vel. Maxime omnis sed velit exercitationem est quam ut. Aut optio fuga reiciendis aut temporibus repellendus.', 'consectetur', 5, NULL, '1994-08-27 15:28:58', '1980-09-08 12:41:07'),
	(268, 106, 268, 'Sed eum enim doloribus minus doloribus. Dolorum ad voluptatem ut natus. Dignissimos commodi consequuntur et aut dolorem id ipsum.', 'cumque', 596, NULL, '1976-03-29 21:21:10', '1989-11-10 19:33:39'),
	(269, 107, 269, 'Quaerat natus impedit qui aut earum. Iusto repellat nobis tenetur ut nisi explicabo voluptatum. Illo molestiae magnam voluptatem sapiente rerum. Impedit delectus quidem explicabo est atque.', 'velit', 4661, NULL, '2020-07-16 00:06:34', '2002-06-23 07:37:30'),
	(270, 105, 270, 'Eos nostrum sed nemo blanditiis dolorum cupiditate. Sit dolor qui nam dignissimos.', 'perferendis', 0, NULL, '2000-09-08 11:32:11', '2021-08-14 01:09:42'),
	(271, 106, 271, 'Commodi dolores odio illum accusamus. Consequatur dolorem et sequi debitis. Occaecati aut laboriosam eos accusamus suscipit ex. Aut qui animi quas eligendi velit aut.', 'repellat', 10969, NULL, '2004-04-12 13:40:10', '2019-09-07 12:40:46'),
	(272, 107, 272, 'Voluptatibus omnis id delectus omnis sed. Quae nam autem qui dolorum error. Et maxime dolorem occaecati praesentium eos rem et.', 'qui', 66363, NULL, '1994-03-08 05:01:22', '2010-10-24 18:22:08'),
	(273, 105, 273, 'Cum earum sit commodi explicabo et laborum sit nam. Eligendi quo placeat corrupti consequatur dolor totam aut. Est minus ea officia aut voluptate et.', 'illum', 3114870, NULL, '2014-01-23 22:43:14', '1995-01-05 22:37:35'),
	(274, 106, 274, 'Occaecati sunt inventore aut aliquid hic ut. Molestiae voluptatem aspernatur ut. Aut commodi aut doloribus repellat voluptas. Nemo aut dignissimos inventore blanditiis.', 'consequatur', 5404, NULL, '2009-06-30 20:39:23', '1994-03-13 13:54:32'),
	(275, 107, 275, 'Commodi ut consequatur sed facere qui sit. Et ab est ad placeat. Vitae amet est error distinctio molestiae natus eligendi maiores.', 'esse', 879486, NULL, '1998-08-24 12:31:52', '2008-09-15 10:08:04'),
	(276, 105, 276, 'Cumque quo et consequatur. Qui ut nisi et dolore veniam. Et quia voluptatem asperiores assumenda non.', 'occaecati', 299178477, NULL, '2020-06-27 04:09:10', '2019-07-26 17:34:29'),
	(277, 106, 277, 'Sint animi id totam ullam quisquam consequuntur. Est quae voluptatum voluptatem odio. Commodi neque est reiciendis.', 'aperiam', 305845521, NULL, '2016-10-25 01:22:21', '2009-10-24 10:00:32'),
	(278, 107, 278, 'Est quis quis natus repellat impedit qui. Excepturi veritatis rerum tempora explicabo quisquam. Mollitia et et earum aut delectus molestiae. Velit et corrupti velit fugiat.', 'asperiores', 427838, NULL, '1993-03-06 10:43:28', '1976-04-30 01:08:29'),
	(279, 105, 279, 'Voluptatum aut consequatur pariatur et rerum blanditiis consequuntur. In nam inventore ex. Ipsam fugit qui dicta animi molestias optio atque. Nesciunt sed unde quia vero rerum tenetur.', 'modi', 995730606, NULL, '1996-02-15 20:14:15', '2015-06-12 23:50:39'),
	(280, 106, 280, 'Nihil labore cupiditate repellat voluptates. Et quod magni illum quos praesentium ullam sit. Quos reprehenderit laborum molestias cum nam esse. Qui ut voluptatem sunt et voluptas eius error.', 'dolorum', 9, NULL, '1989-12-17 10:21:45', '2014-01-04 14:59:18'),
	(281, 107, 281, 'Nemo voluptatem voluptate enim aperiam rerum officiis et. Et culpa vero quasi nemo. Autem amet vero saepe ut quo.', 'aperiam', 262751, NULL, '1982-08-21 18:18:51', '1978-05-01 00:52:44'),
	(282, 105, 282, 'Voluptas doloremque eum omnis soluta pariatur. Repudiandae porro minus voluptate. Impedit modi laboriosam aspernatur suscipit inventore aliquid. Rerum at nihil aliquid sit est.', 'ut', 5134, NULL, '1991-05-05 18:42:49', '1975-10-10 11:05:38'),
	(283, 106, 283, 'Nulla qui accusamus sed inventore voluptas. Impedit et numquam ex sint tempora ad et. In commodi non et odio perferendis dolore cumque vel. Omnis dignissimos porro distinctio et eveniet minus.', 'perferendis', 0, NULL, '1984-10-21 18:16:15', '2014-10-17 07:51:27'),
	(284, 107, 284, 'Nam voluptates repellat distinctio nulla. Error deleniti voluptas expedita enim et accusamus qui. Possimus possimus laudantium et omnis non. Magnam architecto delectus reiciendis quia at voluptatem incidunt id.', 'neque', 533059, NULL, '1990-08-10 17:20:31', '2018-09-21 15:03:44'),
	(285, 105, 285, 'Qui aspernatur consectetur repellendus animi sapiente quae omnis et. Veritatis aut saepe odio. Omnis est corrupti eligendi.', 'nesciunt', 894, NULL, '1986-04-09 02:30:57', '2014-05-08 02:16:55'),
	(286, 106, 286, 'Praesentium voluptatem atque assumenda tempora sit minima. Debitis adipisci blanditiis enim deserunt accusamus natus id quis. Fugit dolorem voluptates non ut.', 'ipsa', 129810339, NULL, '1978-05-18 04:36:51', '1986-08-01 09:55:43'),
	(287, 107, 287, 'Eaque quia velit cupiditate voluptatum explicabo laborum. Harum impedit voluptatem vero magnam optio. Ratione facere qui qui nisi iste harum.', 'ex', 20, NULL, '2019-10-26 18:40:09', '1979-10-17 06:22:36'),
	(288, 105, 288, 'Nesciunt ullam cum beatae voluptas. Sed possimus velit autem enim. Aut aut officia dolores quasi quis numquam dicta est. Ex repellat cum iure. Magnam cum quo aspernatur ad voluptas.', 'deleniti', 94, NULL, '1988-11-11 22:15:06', '1972-09-16 11:18:22'),
	(289, 106, 289, 'Architecto illo rerum omnis expedita voluptas. Suscipit commodi consequatur expedita sed reprehenderit. Sed harum velit fugiat maxime molestiae.', 'minus', 1606236, NULL, '2005-11-13 19:28:03', '1970-01-02 12:13:04'),
	(290, 107, 290, 'Magni in sit harum porro ullam sed. Ad est rem est quos dolorem. Atque quia earum est consectetur magnam fuga. Dolorem explicabo est eius impedit deserunt ullam assumenda.', 'vel', 426368957, NULL, '1970-12-17 12:35:21', '2021-05-31 07:10:42'),
	(291, 105, 291, 'Nam maiores magnam autem sunt officiis dolores. Culpa quo est explicabo quasi voluptatem. Quia qui aut rem magni placeat.', 'praesentium', 85, NULL, '2001-12-10 09:11:08', '1970-05-01 18:10:51'),
	(292, 106, 292, 'Laboriosam quia aut distinctio nam ut fuga quia. Aliquam sed et molestiae et veritatis hic. Error qui consequatur quidem atque quis fuga recusandae.', 'amet', 928015, NULL, '2017-03-17 10:18:55', '1983-01-01 17:08:32'),
	(293, 107, 293, 'Animi excepturi et quia. Sed perspiciatis est non sit iste consequuntur. Sunt natus libero est deleniti. Velit non minus voluptates.', 'culpa', 555, NULL, '2004-07-14 00:04:03', '2006-04-15 10:43:57'),
	(294, 105, 294, 'Magni incidunt ex numquam. Tempora cumque praesentium sequi voluptates facilis porro veritatis. Doloremque doloremque molestiae molestias voluptate mollitia dignissimos ipsum molestiae.', 'sit', 2955, NULL, '1992-04-07 20:15:40', '1972-09-12 23:47:09'),
	(295, 106, 295, 'Occaecati debitis totam id cumque. Perferendis magnam dolore sit nihil voluptatem. Molestiae occaecati et est. In dignissimos quis commodi aut eius tempore quis sit.', 'voluptas', 72324, NULL, '1995-06-23 06:12:14', '1993-08-07 22:24:11'),
	(296, 107, 296, 'Eum natus saepe voluptate doloremque. Recusandae molestiae fuga blanditiis. Eum eaque impedit quo nulla ab.', 'qui', 98, NULL, '2006-05-21 04:17:02', '2007-07-11 09:53:02'),
	(297, 105, 297, 'Officiis quisquam et culpa maxime eveniet. Debitis iusto corporis veniam temporibus et. Odio consequatur ut ipsum amet quibusdam quas.', 'asperiores', 83252, NULL, '2006-10-23 07:50:32', '1996-01-20 11:47:33'),
	(298, 106, 298, 'Doloremque reiciendis facilis soluta quo et ut eum. Ipsum atque distinctio in officia consequuntur sint iure sed.', 'assumenda', 83823, NULL, '2017-10-06 05:59:47', '1992-04-24 10:20:44'),
	(299, 107, 299, 'Quas corrupti beatae inventore tenetur consequatur. Dolore quia in facere et. Ad dolor unde quisquam qui magnam alias iusto. Magnam quia modi exercitationem assumenda unde doloremque praesentium.', 'quam', 709, NULL, '2018-08-25 04:01:25', '1985-09-03 10:10:04'),
	(300, 105, 300, 'Nam in dolorem placeat et in ea omnis pariatur. Impedit ullam enim totam ipsam nihil id exercitationem. Iste aliquid tempore molestias commodi et consequatur sunt. Distinctio deleniti eos molestias odio aut repudiandae totam.', 'veritatis', 963, NULL, '2021-05-10 20:17:49', '2016-03-28 22:16:57'),
	(301, 106, 201, 'Et ut et facilis fugit nobis numquam. Est eum consectetur molestiae quo explicabo unde. Quos aliquam perspiciatis quas adipisci sint nihil inventore.', 'fugit', 873, NULL, '2015-12-11 13:05:34', '1975-08-20 15:39:35'),
	(302, 107, 202, 'Recusandae quis odit et nisi mollitia neque. Dolores perspiciatis necessitatibus quis et. Ipsam qui pariatur hic quisquam totam est quis quas.', 'quaerat', 877, NULL, '1983-09-06 08:16:04', '1985-07-23 10:18:12'),
	(303, 105, 203, 'Est perferendis maiores sit id incidunt rerum. Neque modi libero laudantium eum error voluptate aut perferendis. Illum laboriosam quia reprehenderit velit odio aut.', 'autem', 18837260, NULL, '1997-05-12 21:00:18', '2009-06-09 15:11:02'),
	(304, 106, 204, 'Tempora vel aliquam nobis quia quis exercitationem. Ratione dolores dolorem hic incidunt et ad odit. Necessitatibus dolorum corporis aut iure beatae eligendi. Consequuntur est autem rem quis quisquam vero labore quia. Illo molestiae explicabo dolor et voluptatem praesentium ut quis.', 'eos', 8, NULL, '2003-04-18 17:42:33', '1996-08-08 03:41:12'),
	(305, 107, 205, 'Sit excepturi esse dolores nisi et in veritatis. Voluptatem quo voluptas voluptatem et doloremque sed eius. Dolores ut deserunt architecto saepe.', 'blanditiis', 0, NULL, '1997-11-19 14:09:48', '1984-06-21 20:56:48'),
	(306, 105, 206, 'Quod ut rerum tenetur quia voluptatum modi. Nemo sed soluta atque provident accusamus libero. Totam doloribus vel voluptatibus vel assumenda porro necessitatibus ut.', 'dolores', 791511, NULL, '1995-02-26 15:19:24', '1989-06-23 23:40:58'),
	(307, 106, 207, 'Necessitatibus ullam nulla et sunt corporis dolorem facere. Quasi maiores ad eum dolore quis culpa. Iure rerum enim in est illum aliquam aut. Dicta molestiae saepe voluptas quam. Itaque quae numquam culpa nostrum dignissimos fuga.', 'nulla', 276541, NULL, '1990-05-14 22:40:55', '1981-01-28 20:01:46'),
	(308, 107, 208, 'Mollitia magnam saepe consequatur voluptates officia a sint. Est odit porro earum corrupti voluptatibus. Autem molestiae alias eius quia non. Et consequatur velit doloribus eos et laudantium delectus.', 'dolor', 6711, NULL, '1993-02-26 08:33:09', '1985-01-18 08:13:06'),
	(309, 105, 209, 'Similique asperiores illum commodi molestiae ut ad repellat. Cumque molestiae magnam atque culpa est aut laboriosam. Aperiam enim tempore voluptatem ut aut qui.', 'quia', 841041, NULL, '2001-02-06 22:56:06', '1998-06-15 05:15:50'),
	(310, 106, 210, 'Voluptatem qui officiis et repellat. Quasi culpa fuga commodi voluptas in. Nulla quam eligendi suscipit. Et et omnis ab sed qui.', 'commodi', 35, NULL, '1972-08-01 01:30:46', '1982-05-19 09:01:17'),
	(311, 107, 211, 'Facilis molestiae dolor et ratione. Nobis consequatur eos esse dolorum fugit suscipit deleniti. Aut laudantium cum officiis officiis totam at quo voluptate. Illum officia impedit nisi cumque. Aliquam voluptatem est amet tempore.', 'ipsum', 5667, NULL, '1974-08-31 02:32:16', '1998-01-09 09:53:21'),
	(312, 105, 212, 'Recusandae ut dicta tenetur eum. Autem perspiciatis quia beatae. Qui nostrum molestias non nemo debitis quia.', 'odit', 0, NULL, '2002-04-08 23:11:13', '2015-09-20 20:12:56'),
	(313, 106, 213, 'Qui optio tenetur laboriosam cum autem pariatur. Culpa ut vitae sint cum. Nisi sed voluptatem sit sit maxime debitis qui.', 'ullam', 43, NULL, '1986-06-06 00:33:45', '2018-06-07 16:57:41'),
	(314, 107, 214, 'Velit similique perspiciatis fugit possimus. Delectus ut voluptatem totam iusto molestiae. Voluptatem voluptatum nihil veritatis sed culpa odit nulla totam.', 'autem', 52469393, NULL, '2004-03-01 19:38:00', '2007-03-04 06:55:44'),
	(315, 105, 215, 'Ullam iure consequatur necessitatibus minima cupiditate laborum. Repudiandae dolores cupiditate mollitia. Atque repudiandae beatae eos minus quo.', 'iure', 13115238, NULL, '1982-03-14 01:20:47', '1999-02-23 22:18:41'),
	(316, 106, 216, 'Omnis odit qui occaecati mollitia ratione quod odit. Id odio dolores nam voluptatem. Similique quisquam aspernatur corporis praesentium accusamus.', 'sit', 209, NULL, '1992-10-11 09:46:29', '1979-09-27 16:24:41'),
	(317, 107, 217, 'Vel accusantium nulla sunt rerum eos. Consectetur quidem animi est. Autem nulla deserunt at ullam qui sit eveniet ad. Blanditiis sint voluptatibus natus nihil eum cupiditate. Dolorem nulla consequatur cumque rerum dolor natus.', 'aut', 37606, NULL, '2008-08-20 02:21:00', '1982-09-24 04:00:06'),
	(318, 105, 218, 'Est adipisci aut nihil cupiditate perferendis. Fuga aperiam aut sunt necessitatibus illum culpa id et. Atque harum ea eos dignissimos. Omnis voluptatum et est consequatur nisi. Corporis rerum rerum molestias quam est voluptas.', 'ut', 19, NULL, '1992-09-06 16:13:55', '1978-06-01 04:15:35'),
	(319, 106, 219, 'Qui iste omnis delectus. Cum aperiam quia sunt iure velit. Inventore tempore necessitatibus dolor. Quibusdam perferendis voluptate earum.', 'ut', 25068008, NULL, '1975-10-17 21:53:03', '2002-08-16 04:21:08'),
	(320, 107, 220, 'Impedit similique facere quo ipsum. Labore accusamus totam sit. Eum ut velit blanditiis sit id. Error qui aut sit.', 'quod', 0, NULL, '1975-05-25 06:51:52', '1996-06-17 08:57:06'),
	(321, 105, 221, 'Quis aperiam corrupti mollitia eum. Perspiciatis accusantium esse ipsum dicta.', 'voluptatum', 9161518, NULL, '1974-05-16 08:53:51', '1971-09-16 18:21:30'),
	(322, 106, 222, 'Eum eum qui eveniet debitis. Placeat ipsa rerum ad aperiam. Earum molestiae aut et. Dolorem accusamus dolorum velit molestias deserunt quidem ratione.', 'adipisci', 0, NULL, '2006-08-12 18:23:13', '2018-07-21 09:06:29'),
	(323, 107, 223, 'Consequatur atque minus ea consequatur adipisci distinctio explicabo. Provident et ratione eaque quos est consequatur. Autem quisquam sunt blanditiis iste quos aut.', 'amet', 1149467, NULL, '2013-04-05 17:36:12', '2006-11-06 17:54:25'),
	(324, 105, 224, 'Qui et corporis assumenda eos. Repellendus libero error voluptatem et explicabo. Molestiae necessitatibus qui ut exercitationem aliquam asperiores.', 'beatae', 23497189, NULL, '1977-10-28 18:28:00', '1983-02-26 06:11:59'),
	(325, 106, 225, 'Rerum iste consequuntur doloremque veniam culpa repellendus quas. Eos quaerat et consequatur est et. Ad voluptatem minima dignissimos molestiae dolorum tempora itaque a. Reprehenderit magni dolores accusantium debitis voluptatem.', 'excepturi', 4691390, NULL, '2005-08-28 06:35:33', '1982-10-01 17:47:33'),
	(326, 107, 226, 'Repudiandae voluptas id quisquam id. Modi excepturi tenetur itaque totam eveniet. Voluptatem ea possimus quo vel molestiae.', 'corporis', 302978250, NULL, '2005-01-08 21:08:42', '2018-12-11 03:46:08'),
	(327, 105, 227, 'Quae dolore sit est neque dolores eum placeat. Veritatis et et temporibus vero ut possimus omnis. Qui rerum aut harum excepturi.', 'accusamus', 854, NULL, '1986-03-14 21:35:44', '1994-09-10 02:21:55'),
	(328, 106, 228, 'Eum est est laborum. Mollitia enim quod facere fuga quo velit aut. Architecto delectus nihil tempore reprehenderit consequatur et labore.', 'qui', 46066073, NULL, '1974-05-20 22:41:38', '2018-05-29 15:50:13'),
	(329, 107, 229, 'Eos sed nemo dolor est autem. Voluptas sint non sed a molestiae provident laborum. Nesciunt laudantium nemo deleniti dolor temporibus. Eos placeat ut vitae impedit alias.', 'aut', 7608, NULL, '2018-05-27 13:18:55', '2004-12-13 23:30:07'),
	(330, 105, 230, 'Asperiores ut eveniet ea odio. Dolorem voluptatem qui similique maxime. Rerum eligendi id est aut omnis consequatur rerum eum. Et rerum et aut aspernatur.', 'nesciunt', 2928, NULL, '1975-03-03 20:59:38', '1970-05-18 06:40:53'),
	(331, 106, 231, 'Ea et rerum et repudiandae. Eum aliquam et laboriosam. Nihil accusantium expedita exercitationem praesentium. Non voluptatum aut tempore vero ut deleniti.', 'qui', 63438215, NULL, '1975-09-01 10:48:55', '2006-09-02 04:52:53'),
	(332, 107, 232, 'Eum harum incidunt voluptas nihil et magnam. Voluptas animi qui dolore eius nemo alias pariatur. Dolor illum molestiae veritatis nostrum saepe repellat.', 'mollitia', 81541, NULL, '1997-05-10 08:16:24', '1978-04-19 02:16:20'),
	(333, 105, 233, 'Doloremque sed est exercitationem possimus enim impedit temporibus. Et inventore reprehenderit excepturi ab. Sit magnam rerum saepe harum ut. Sit aut repellendus est excepturi pariatur laudantium.', 'cupiditate', 693361065, NULL, '2015-01-13 17:24:56', '2003-07-19 11:01:44'),
	(334, 106, 234, 'Iusto illum pariatur animi non magnam optio. Aperiam et debitis maiores accusantium. A aspernatur reiciendis exercitationem eos quidem eaque iste. Omnis error voluptas perspiciatis pariatur et voluptatibus.', 'placeat', 587, NULL, '1970-09-30 02:43:12', '1999-04-04 01:11:22'),
	(335, 107, 235, 'Veritatis voluptatem repellat non omnis illum voluptatum impedit. Quisquam suscipit unde excepturi hic. Eum repudiandae qui reprehenderit.', 'excepturi', 1562747, NULL, '2002-07-16 11:30:16', '1999-12-06 22:46:41'),
	(336, 105, 236, 'Voluptatem dolor aliquid et. Iusto rerum sint distinctio quis ut sit reiciendis. Delectus et dolore aut.', 'repudiandae', 5220910, NULL, '2015-02-09 10:53:24', '1978-08-20 03:08:53'),
	(337, 106, 237, 'Saepe voluptates minima occaecati est maxime. Est voluptas veritatis dolores libero aliquam sit qui. Distinctio totam placeat et. Fugiat autem excepturi aut.', 'magnam', 2336, NULL, '1981-05-09 15:34:40', '1977-10-09 05:24:06'),
	(338, 107, 238, 'Dolores veritatis sed placeat voluptatem nemo eos. Vel facere et alias numquam. Quae vero tenetur quam enim possimus et. Et ut vel ex odit in ut et.', 'aspernatur', 68, NULL, '1990-05-28 22:08:55', '1978-07-03 12:10:29'),
	(339, 105, 239, 'Voluptates similique ipsa rerum quis ipsum quisquam. Placeat distinctio temporibus doloribus est inventore quia. Doloribus eaque voluptates recusandae ut quod aut. Dicta aut provident quod ratione qui ipsa. Dolor ut pariatur repellendus iusto eaque.', 'culpa', 96, NULL, '2015-01-31 00:49:28', '1978-06-21 05:07:37'),
	(340, 106, 240, 'Consequuntur ut praesentium debitis iste qui dolor. Expedita impedit assumenda officiis quis nemo et dolores et. Blanditiis earum cupiditate alias mollitia. Doloremque vitae sit reiciendis rerum et est vel.', 'unde', 7882, NULL, '1988-11-09 18:56:40', '1971-03-12 11:11:48'),
	(341, 107, 241, 'Sed illum ut sit ut sit id voluptatem. Atque temporibus repudiandae nobis aut sunt explicabo. Fuga id quos suscipit culpa.', 'placeat', 769, NULL, '1987-07-16 05:08:29', '2007-06-06 09:17:49'),
	(342, 105, 242, 'Voluptatem repellat dignissimos ex esse. Non qui consequuntur natus. Earum ab distinctio facere non distinctio nemo. Optio consequatur et et eaque.', 'dolorum', 35, NULL, '2008-07-05 05:27:52', '2019-10-14 10:10:38'),
	(343, 106, 243, 'Consequatur neque consequatur eos magnam est. Dolorem deleniti voluptatum accusamus ut tenetur facilis ea voluptatem. Qui magnam modi quis perspiciatis voluptas id.', 'facere', 94, NULL, '1999-08-18 06:54:52', '1975-07-10 20:43:06'),
	(344, 107, 244, 'Ratione unde et consequatur eaque aut dignissimos. Consectetur accusantium nihil non. Nisi deserunt optio voluptatibus commodi et accusantium amet mollitia.', 'dicta', 553009153, NULL, '2014-09-11 18:01:10', '2016-08-25 11:35:59'),
	(345, 105, 245, 'Corporis vitae perspiciatis corporis a accusamus voluptate. Repellendus nam libero aut maxime magnam. Error enim quia at molestiae natus. Blanditiis praesentium ea magnam vero quod expedita.', 'voluptas', 571, NULL, '1976-10-18 23:34:32', '2008-05-22 14:54:09'),
	(346, 106, 246, 'Quia dolore voluptatem sint quis labore quis rerum voluptatem. Quibusdam aliquid rem quas ratione architecto fugiat. Qui non et iste explicabo molestias.', 'debitis', 373405418, NULL, '2020-04-22 21:38:56', '1989-12-20 20:23:53'),
	(347, 107, 247, 'Omnis autem enim libero non illo provident rem. Quia rerum nobis magnam adipisci quo omnis perspiciatis ab. Dolores a animi ad doloremque sint dolores.', 'et', 12, NULL, '1997-04-08 09:32:32', '1970-08-31 15:46:56'),
	(348, 105, 248, 'Iusto eos dolorem odio et possimus. Officiis nihil distinctio maxime occaecati. Libero fuga esse sapiente rem. Vero molestiae possimus saepe rerum. Ratione ex reiciendis doloribus et ad.', 'aut', 40924, NULL, '1975-10-24 11:05:18', '1995-12-18 19:41:09'),
	(349, 106, 249, 'Rem ratione suscipit saepe molestias fugit natus. Et et qui reprehenderit quis libero aliquam quam eum. Ab hic aut ut. Quia dolore sit dolor ratione.', 'veniam', 42577, NULL, '1972-03-01 21:06:45', '2018-10-19 09:21:25'),
	(350, 107, 250, 'Assumenda culpa consectetur consequatur officiis. Quia magnam distinctio quia. Praesentium perferendis et similique inventore nihil iure sed. Vel doloribus quia omnis labore ab.', 'aut', 71635103, NULL, '1994-09-18 15:15:35', '1970-08-06 17:03:33'),
	(351, 105, 251, 'Aut est nihil iste dolorum dolor dolorum. Porro possimus animi enim labore cupiditate vel. Dolorum id impedit sed eum consequatur est est expedita.', 'omnis', 482, NULL, '2020-01-03 18:17:06', '1977-12-09 06:34:30'),
	(352, 106, 252, 'Esse et et quas nemo distinctio tempore est dolore. Error ipsa vel pariatur assumenda consectetur itaque. Id laudantium quaerat non voluptatem. Et expedita blanditiis natus aut ipsam nihil voluptates.', 'quae', 4, NULL, '2001-01-27 09:07:32', '2015-12-14 13:56:38'),
	(353, 107, 253, 'Nobis impedit dolores accusantium est qui provident vel. Ipsa aliquid suscipit doloremque quasi non aspernatur accusantium. Autem amet vitae quia perferendis cum. Sequi non recusandae ut.', 'eius', 5354, NULL, '1988-09-13 17:27:33', '1999-10-25 09:53:22'),
	(354, 105, 254, 'Dicta tempore eveniet sit temporibus aliquid et recusandae nulla. Eum magnam quas voluptatem. Temporibus fuga amet omnis eligendi.', 'aperiam', 81601, NULL, '2005-05-26 07:44:10', '1974-11-03 20:39:04'),
	(355, 106, 255, 'Architecto dolores sapiente magni. Nulla ab qui qui ex. Consequatur voluptate ex eos excepturi perferendis autem qui magni. Et ab nihil qui.', 'magni', 61, NULL, '1992-07-05 20:22:36', '1981-04-29 19:40:44'),
	(356, 107, 256, 'Veritatis dignissimos dolorem accusantium quasi aspernatur ducimus veniam. Occaecati nobis porro velit ratione sed architecto sunt. Vero est suscipit placeat labore minus consectetur. Ut in dicta aut. Qui minus qui magni.', 'placeat', 57741243, NULL, '1980-02-21 01:06:24', '1985-03-11 08:42:20'),
	(357, 105, 257, 'Officiis quam omnis non aut aut. Eos enim quis voluptates nesciunt est. Velit soluta provident modi voluptate earum aut.', 'error', 0, NULL, '1998-12-05 15:36:53', '1990-04-14 23:02:42'),
	(358, 106, 258, 'Consequatur optio magni ut fugiat itaque. Rerum vitae qui ea. Velit quasi et perspiciatis est praesentium quae consequuntur. Dolorum modi odit quas molestias nisi hic. Impedit eligendi aut deleniti dolores dolor eveniet occaecati.', 'rerum', 4, NULL, '1971-11-28 22:04:07', '1988-10-01 04:57:16'),
	(359, 107, 259, 'Suscipit eum id non voluptatem. Quis blanditiis et perferendis enim optio. Tempore magnam minus ad facere repudiandae rerum vitae. Architecto quidem quod ut omnis eveniet error.', 'et', 706861927, NULL, '2006-07-22 16:24:16', '1994-09-02 00:44:45'),
	(360, 105, 260, 'Dolorem quod dolor aperiam et odit rerum. Id velit fugit explicabo non doloribus eveniet vero. Ut minus voluptas et ullam explicabo cupiditate repudiandae. Aliquid esse aut consectetur non eos nemo sequi.', 'nobis', 29345782, NULL, '1974-01-26 20:12:21', '1995-03-06 03:02:11'),
	(361, 106, 261, 'Tenetur voluptatibus aspernatur et qui ullam. Ducimus sunt vitae iure aut. Doloribus quia repellat facere qui repudiandae sequi ad. Expedita et labore ratione tenetur explicabo. Porro a repellat ducimus sit.', 'quos', 643074141, NULL, '2002-04-06 06:17:48', '2019-08-29 04:39:37'),
	(362, 107, 262, 'Expedita non vel mollitia porro quaerat ratione facere. Impedit repudiandae numquam adipisci quae ratione.', 'ad', 1647409, NULL, '1983-02-02 07:15:09', '2011-11-02 08:35:45'),
	(363, 105, 263, 'Ut aliquid sapiente minus. Eum debitis aspernatur iure ut mollitia repudiandae qui consectetur. Minima consequatur magnam repellendus. Qui unde nisi explicabo nam.', 'odit', 5114, NULL, '1985-01-15 22:00:54', '1991-04-17 16:26:58'),
	(364, 106, 264, 'Ut maiores ut inventore. Ut dolores non adipisci ut aspernatur autem. Doloremque adipisci totam et asperiores.', 'voluptas', 694571, NULL, '1989-09-09 16:13:47', '1989-08-27 19:12:05'),
	(365, 107, 265, 'Nulla ea in et sit aspernatur et pariatur. Saepe molestiae quisquam asperiores optio dignissimos provident.', 'numquam', 0, NULL, '1995-04-07 05:12:15', '2012-10-27 13:29:31'),
	(366, 105, 266, 'Minima maiores dolorem illo non neque laboriosam praesentium. Id iure provident est consectetur. Vero molestiae reprehenderit et aut a.', 'ea', 552, NULL, '2011-08-03 15:05:08', '2011-05-09 00:52:59'),
	(367, 106, 267, 'Ad neque ea esse. Cum architecto dicta distinctio quo qui rerum. Dignissimos dignissimos voluptas ea officiis consequatur sit sed porro. Et ea alias voluptatem quia cum et.', 'provident', 558539, NULL, '2015-03-23 07:08:37', '2010-09-05 20:53:37'),
	(368, 107, 268, 'Aut in est corrupti est esse excepturi omnis. Vitae placeat aut ducimus autem aut. Sed aspernatur ab deserunt nihil. Voluptas maiores dolorem ipsa omnis tenetur.', 'molestiae', 28, NULL, '2001-08-16 16:10:10', '1971-08-18 16:03:27'),
	(369, 105, 269, 'Eaque est voluptatem voluptate quisquam rem ut sit. Necessitatibus aut iusto eum consectetur exercitationem quia facere. Non sit nobis non culpa. Magnam voluptas quisquam voluptatem quidem.', 'ratione', 0, NULL, '1977-09-10 10:05:33', '2021-05-04 02:37:10'),
	(370, 106, 270, 'Corrupti eum cumque recusandae. Non rerum quam animi. Ipsa et voluptatem voluptatem vitae facere perspiciatis.', 'aperiam', 511, NULL, '1993-08-07 10:41:58', '2019-09-14 13:49:45'),
	(371, 107, 271, 'Consequatur molestiae cupiditate molestiae inventore consequatur. Ex odio at possimus. Consectetur dolore ea culpa cupiditate vitae accusamus ad.', 'est', 39923, NULL, '1977-06-12 23:14:21', '1977-04-13 11:11:00'),
	(372, 105, 272, 'Velit consequatur et suscipit sit et dolor eligendi. Non aliquid dolor blanditiis fugit dolore sint. Et praesentium dolor quas quia.', 'laudantium', 93, NULL, '2003-05-17 00:02:45', '2018-05-27 05:58:41'),
	(373, 106, 273, 'Laudantium enim vel nesciunt esse quis fugit. Et inventore ducimus consectetur et adipisci eaque iste. Maiores facilis eum dolor modi sed dignissimos. Veritatis quia ut ea perferendis.', 'voluptas', 8545, NULL, '1994-05-25 17:13:43', '2019-10-03 04:32:32'),
	(374, 107, 274, 'Iusto eum fuga sed dolorum nemo maxime voluptatibus repudiandae. Aperiam non ut sed in. Sint sequi illum tempora sequi ullam veniam eos.', 'est', 338526909, NULL, '1976-11-16 08:46:51', '2015-03-19 05:53:07'),
	(375, 105, 275, 'Ipsam qui blanditiis dolorum aut molestiae. Enim nisi ratione ipsum corrupti. Accusamus culpa adipisci sequi omnis labore ut facilis. Quaerat veritatis quo debitis voluptas et.', 'reiciendis', 3114063, NULL, '1975-12-20 22:29:45', '1987-03-15 03:24:14'),
	(376, 106, 276, 'Nihil voluptas doloribus neque sunt corporis nulla iure. Et rerum autem velit debitis. Quia est corrupti est eaque asperiores.', 'tempora', 0, NULL, '2010-11-04 18:04:26', '1987-07-23 23:55:58'),
	(377, 107, 277, 'Iusto aliquam non animi quas eaque. Ipsum eligendi voluptates cum temporibus. Dolorum quia quas nobis quaerat numquam magni distinctio aut. Totam ut ut perferendis.', 'odit', 876899550, NULL, '1973-11-02 16:26:33', '2021-02-16 05:21:44'),
	(378, 105, 278, 'Sed adipisci voluptatem accusantium reiciendis quo eius. Doloribus quidem fugiat modi qui corporis neque quis.', 'cupiditate', 357761743, NULL, '2018-06-17 17:05:50', '1998-05-27 03:49:41'),
	(379, 106, 279, 'Sit officiis eos explicabo dolorum maiores facilis. Voluptas ut molestias unde magnam. Ea ut maiores molestiae autem qui.', 'qui', 8478, NULL, '2001-07-31 04:41:02', '1978-04-10 11:01:38'),
	(380, 107, 280, 'Aut incidunt nesciunt magni ut accusamus. Rerum dicta rerum commodi commodi a eius. Cum illo debitis est ab. Consequatur a aliquam dolores dicta possimus nihil quis architecto.', 'cum', 497449405, NULL, '2017-10-26 01:44:48', '1974-08-28 22:57:45'),
	(381, 105, 281, 'Possimus accusantium inventore et aut nihil aspernatur illo. Qui cum ut itaque non. Saepe nobis est quia autem labore quasi. Quia velit quo rerum et enim odit.', 'id', 854508433, NULL, '2001-05-27 21:14:51', '1975-12-25 09:13:55'),
	(382, 106, 282, 'Blanditiis dignissimos molestias qui eum repudiandae qui ea. Repellat iste sunt et dignissimos. Excepturi porro blanditiis blanditiis possimus architecto omnis atque. Perferendis in laboriosam reiciendis minima maiores expedita nostrum.', 'est', 5632058, NULL, '1970-08-05 03:49:31', '2000-11-15 23:18:24'),
	(383, 107, 283, 'Dolores distinctio est ea consectetur consequuntur voluptate ducimus. Earum sint ut distinctio.', 'a', 879507, NULL, '1994-01-21 02:39:18', '1979-06-11 12:10:50'),
	(384, 105, 284, 'Alias voluptatum omnis enim itaque consectetur. Nemo rerum id illo quia. Debitis earum odit sit dolore at est ducimus aliquam.', 'nostrum', 140, NULL, '1979-08-30 15:30:38', '1993-06-22 22:18:06'),
	(385, 106, 285, 'Consequatur aut laboriosam molestias deserunt iste. Non eaque natus aut dicta a quia. Dolorum eum dicta sit aut laboriosam odio.', 'possimus', 831, NULL, '1988-07-14 20:02:23', '2007-02-10 16:30:05'),
	(386, 107, 286, 'Perferendis quo soluta maxime. Sed cum adipisci facere id velit nostrum porro.', 'et', 694, NULL, '2004-07-06 23:58:02', '2001-10-14 06:22:24'),
	(387, 105, 287, 'Voluptatem velit culpa quia deserunt laboriosam. Laudantium beatae atque sed et. In ut ab sed ullam et odit repudiandae. Nesciunt est aspernatur quidem ipsa nostrum.', 'facilis', 540372076, NULL, '1988-01-02 07:42:03', '1971-10-09 13:34:12'),
	(388, 106, 288, 'Earum et aliquid enim reiciendis omnis odit iste iusto. Consectetur deserunt nihil reprehenderit enim repellendus est voluptates. Enim harum nesciunt corrupti itaque illo. Dolores provident dolorum et voluptatem vel suscipit consequuntur.', 'voluptate', 1780697, NULL, '2010-06-14 03:46:48', '2021-06-18 07:06:16'),
	(389, 107, 289, 'Rem ab minus rerum in. Fuga eum sapiente maxime minima nihil et voluptatem. Aspernatur fugit qui iusto ipsum vitae voluptate.', 'neque', 36, NULL, '1987-03-14 20:33:58', '2019-07-01 09:34:24'),
	(390, 105, 290, 'Recusandae iste veritatis iure voluptatum. Praesentium rerum atque nobis tempora incidunt consequatur consequuntur. Labore sit neque molestias.', 'recusandae', 0, NULL, '1989-05-29 18:58:43', '2012-02-17 05:39:00'),
	(391, 106, 291, 'Veniam eos dolores ut dolores impedit omnis. Quod eum aperiam alias neque eos officia. Aut recusandae nam voluptas maxime odio nostrum et qui.', 'voluptatem', 7, NULL, '2019-05-27 02:34:27', '2017-02-16 23:19:13'),
	(392, 107, 292, 'Est autem commodi quia. Fugiat dolore odio eveniet sit et fugiat. Perspiciatis quisquam qui voluptatem omnis labore amet.', 'ut', 17684624, NULL, '1978-08-09 01:32:16', '2011-12-24 18:29:10'),
	(393, 105, 293, 'Optio qui officiis rem error modi modi expedita quasi. Tempore nam qui quisquam ipsum expedita et sunt. Ut a quia deserunt sit.', 'sit', 8821575, NULL, '1979-06-12 15:49:23', '2015-08-19 05:36:32'),
	(394, 106, 294, 'Distinctio perferendis eveniet consequatur facilis. In alias quia fuga dignissimos quia alias dolor. Quas ducimus tempora iste sit sint earum dicta.', 'temporibus', 6955, NULL, '2006-04-11 08:26:37', '2006-12-14 09:48:38'),
	(395, 107, 295, 'Facere veniam ex impedit iure ut sit omnis. Et voluptatum inventore aperiam dolor assumenda. Nobis odit amet neque quam et facere fugit voluptas. Iure voluptas omnis vel laudantium expedita tempore.', 'repellendus', 724496023, NULL, '2018-07-24 08:31:08', '2004-04-01 15:30:50'),
	(396, 105, 296, 'Enim excepturi molestias similique delectus repudiandae voluptate. Nemo nihil sint aspernatur voluptatem esse. Quisquam adipisci quisquam tempora quos illo.', 'dolorem', 783, NULL, '2012-10-29 01:49:56', '1992-09-11 06:32:08'),
	(397, 106, 297, 'Fugit quo molestiae sit temporibus a aperiam dolor. Doloremque repellendus iste vitae exercitationem doloribus nulla excepturi distinctio. Debitis vitae cum est reprehenderit voluptatem architecto aut.', 'et', 736086592, NULL, '1990-09-13 17:18:00', '1980-07-17 19:42:50'),
	(398, 107, 298, 'Porro nisi illum inventore asperiores vel est. Reiciendis accusamus quod sit recusandae adipisci et quia. Veritatis hic et explicabo. Et dolores nihil architecto beatae tempore placeat corrupti.', 'id', 405, NULL, '1979-07-02 18:48:14', '2004-06-13 07:56:45'),
	(399, 105, 299, 'Magni magnam inventore delectus nesciunt esse. Quo eveniet inventore molestias quibusdam. Molestiae voluptas voluptate vero dolor qui doloribus mollitia. Laborum voluptatem mollitia ullam.', 'assumenda', 31, NULL, '2010-12-25 11:20:11', '1993-10-18 05:50:08'),
	(400, 106, 300, 'Exercitationem est officiis velit ab dolores minima sapiente. Quaerat repudiandae culpa fuga minus nemo eum. Tempora ducimus cum quisquam dolorem voluptatem sapiente sit rerum.', 'ratione', 396161235, NULL, '2004-04-08 20:25:42', '2001-01-29 18:15:07');
/*!40000 ALTER TABLE `media` ENABLE KEYS */;

-- Дамп структуры для таблица vk.media_types
CREATE TABLE IF NOT EXISTS `media_types` (
  `id` bigint unsigned NOT NULL AUTO_INCREMENT,
  `name` varchar(255) CHARACTER SET utf8 COLLATE utf8_unicode_ci DEFAULT NULL,
  `created_at` datetime DEFAULT CURRENT_TIMESTAMP,
  `updated_at` datetime DEFAULT NULL ON UPDATE CURRENT_TIMESTAMP,
  UNIQUE KEY `id` (`id`)
) ENGINE=InnoDB AUTO_INCREMENT=108 DEFAULT CHARSET=utf8 COLLATE=utf8_unicode_ci;

-- Дамп данных таблицы vk.media_types: ~3 rows (приблизительно)
/*!40000 ALTER TABLE `media_types` DISABLE KEYS */;
INSERT INTO `media_types` (`id`, `name`, `created_at`, `updated_at`) VALUES
	(105, 'error', '2003-01-04 20:02:18', '1981-10-15 07:35:20'),
	(106, 'earum', '1978-04-08 17:06:51', '2012-04-16 13:28:02'),
	(107, 'dignissimos', '1977-12-27 13:53:54', '1979-09-28 03:35:16');
/*!40000 ALTER TABLE `media_types` ENABLE KEYS */;

-- Дамп структуры для таблица vk.messages
CREATE TABLE IF NOT EXISTS `messages` (
  `id` bigint unsigned NOT NULL AUTO_INCREMENT,
  `from_user_id` bigint unsigned NOT NULL,
  `to_user_id` bigint unsigned NOT NULL,
  `body` text CHARACTER SET utf8 COLLATE utf8_unicode_ci,
  `created_at` datetime DEFAULT CURRENT_TIMESTAMP,
  UNIQUE KEY `id` (`id`),
  KEY `from_user_id` (`from_user_id`),
  KEY `to_user_id` (`to_user_id`),
  CONSTRAINT `messages_ibfk_1` FOREIGN KEY (`from_user_id`) REFERENCES `users` (`id`),
  CONSTRAINT `messages_ibfk_2` FOREIGN KEY (`to_user_id`) REFERENCES `users` (`id`)
) ENGINE=InnoDB AUTO_INCREMENT=1201 DEFAULT CHARSET=utf8 COLLATE=utf8_unicode_ci;

-- Дамп данных таблицы vk.messages: ~200 rows (приблизительно)
/*!40000 ALTER TABLE `messages` DISABLE KEYS */;
INSERT INTO `messages` (`id`, `from_user_id`, `to_user_id`, `body`, `created_at`) VALUES
	(1001, 297, 269, 'Repellendus fugit voluptates corrupti. Aspernatur magnam voluptatem voluptas facere est facilis dolorem.', '1970-03-08 15:21:41'),
	(1002, 207, 296, 'Fugit tempora fuga omnis repudiandae aut rem. Quis est ipsum rerum velit accusantium quam illo. Et consectetur et illo incidunt nam eveniet non. Fuga odit velit molestiae molestiae.', '1982-08-02 17:36:29'),
	(1003, 206, 269, 'Eos fugiat dignissimos corrupti iusto. Sint qui reprehenderit ipsam fugiat et. Quis blanditiis blanditiis maiores.', '1989-04-09 05:30:56'),
	(1004, 287, 273, 'Sit velit necessitatibus quidem necessitatibus accusamus. Fuga earum quia necessitatibus quo quia sunt et. Minima tempora sed est et occaecati corrupti ad.', '1990-10-26 18:46:41'),
	(1005, 242, 266, 'Non minima vel maiores dolor molestiae aperiam est. Cupiditate magnam dolores veniam a omnis officia. Tenetur cum officia quaerat aut aliquid ratione. Dignissimos voluptas vero inventore dolorum dolores sit. Ea non quo dolor et perspiciatis est provident.', '2014-06-25 04:41:57'),
	(1006, 236, 263, 'Magnam et asperiores consequuntur iusto sit. Iusto adipisci sed fugit repudiandae et sunt sed velit. Mollitia alias recusandae est officia qui est. Fugit sapiente voluptate et harum quo.', '1977-06-21 22:50:48'),
	(1007, 221, 223, 'Et sapiente quo cum autem odio. Quibusdam quo exercitationem fugit. Aut corrupti quia qui et rem dolorem et.', '2006-05-09 02:49:37'),
	(1008, 229, 259, 'Mollitia accusamus excepturi minus voluptas cumque soluta. Et aspernatur laborum ea iusto maxime.', '2014-04-13 06:47:11'),
	(1009, 215, 213, 'Veritatis fuga distinctio nobis. Voluptatum voluptatibus excepturi est placeat voluptatem est. Et quia eaque totam non quidem voluptas. Mollitia nulla perspiciatis dolorem voluptas.', '2002-06-17 02:31:40'),
	(1010, 220, 228, 'Expedita eos et incidunt sint libero. Labore magni doloremque et. At quia ut nemo.', '2018-01-08 23:30:50'),
	(1011, 226, 252, 'Voluptate ad reiciendis ullam qui quisquam est. Sint architecto dolores omnis hic sed cumque neque. Aut incidunt ut iste aut. Sed consectetur culpa vitae.', '1988-07-21 03:58:28'),
	(1012, 222, 240, 'Veniam deleniti et doloribus repellendus provident. Asperiores fugiat perspiciatis quisquam perferendis omnis vel. Adipisci maxime tempore omnis asperiores provident numquam qui. Et temporibus labore odit.', '1978-12-27 16:30:02'),
	(1013, 221, 231, 'Magnam inventore reiciendis eos quidem error. Omnis qui rerum aut nemo. Sequi in quo mollitia quis quos qui dignissimos. Similique sapiente officiis reprehenderit praesentium.', '2017-06-29 01:14:52'),
	(1014, 203, 240, 'Et saepe aliquid ea molestiae aut. Vitae eos perspiciatis doloremque magnam asperiores dolorem. Ea non ea quia nesciunt vitae culpa corrupti.', '1984-01-03 00:51:09'),
	(1015, 278, 270, 'Dolorum aut iure minus placeat quis corporis autem ea. Dolores natus at expedita saepe et. Necessitatibus et commodi sint ut ipsa doloremque. Explicabo natus nihil eveniet accusantium animi.', '1991-09-13 16:48:43'),
	(1016, 221, 255, 'Cum vero et ut explicabo et. Repellendus vitae voluptatem consequatur non. Libero reiciendis alias omnis. Sapiente mollitia quis vel rerum doloribus aperiam.', '2000-11-22 10:06:31'),
	(1017, 284, 225, 'Quia et eum sed aperiam molestiae. Rerum ullam ab perferendis iure at quia ut. Et rerum amet beatae vel voluptatem ex quod laudantium. Ipsam est libero necessitatibus laudantium exercitationem accusamus et.', '2015-02-13 20:30:30'),
	(1018, 243, 245, 'Voluptates pariatur eos fugit iusto blanditiis aliquam repellat. Ea aut enim expedita ab quos. Quia et laudantium accusamus et est et labore. Amet consequatur similique et.', '2005-09-02 22:55:12'),
	(1019, 291, 252, 'Sequi aut nihil cumque et qui. Porro quam nam aliquam architecto. Sapiente a in ducimus ea et.', '1986-05-24 18:56:40'),
	(1020, 256, 226, 'Officiis molestiae voluptatum vel soluta. Laborum dolores et vero excepturi aut. In voluptas sed et est consequatur illum. Fuga distinctio omnis voluptatibus nemo nesciunt.', '2010-07-18 20:44:15'),
	(1021, 282, 201, 'Earum atque occaecati est quibusdam consequuntur fugiat. Omnis rem facere ipsam alias vero autem dicta ea. Sit fugit vitae quibusdam quibusdam. Blanditiis unde dolores reprehenderit velit aut.', '2015-02-06 11:05:54'),
	(1022, 252, 201, 'Corrupti quam quas architecto qui cumque quos. Nulla eum laborum eveniet distinctio. Dolorem quaerat et exercitationem libero. Optio deserunt dolore sed cum neque.', '1976-02-26 15:51:04'),
	(1023, 274, 297, 'Id esse officiis deleniti qui minus. Perferendis consequatur aut dolorum ut rerum consequuntur eos explicabo. Expedita excepturi quis quo tempora.', '1991-12-05 12:18:32'),
	(1024, 225, 281, 'Aperiam placeat numquam ad et at. Et aliquid molestiae quia doloremque. Dolor qui beatae vel nam voluptas. Velit cumque odit ut id aut omnis.', '2012-12-22 12:13:33'),
	(1025, 291, 218, 'Voluptatibus et et porro unde omnis nulla porro amet. Maiores aliquam a voluptatibus quam maiores labore vel tenetur. Qui dolorem tenetur consequatur nam quisquam maiores mollitia.', '1977-07-19 02:55:58'),
	(1026, 204, 249, 'Voluptatem reiciendis non vel praesentium asperiores aliquid magni repudiandae. Ratione sit sed dolor eveniet et debitis in. Excepturi id voluptates ut expedita ut corporis voluptas quibusdam.', '1986-05-08 14:32:34'),
	(1027, 286, 266, 'Optio alias ab aut minus sint eos distinctio. Incidunt deserunt quisquam quisquam sint amet est error. Laudantium sint recusandae sit impedit rem beatae.', '2017-12-03 20:14:52'),
	(1028, 214, 222, 'Non odit id voluptas velit sapiente ipsa tempora. Qui et nisi fugiat culpa repellendus. Placeat dolorum velit doloribus.', '1984-06-13 10:06:10'),
	(1029, 297, 270, 'Ut a aut ipsam sed beatae consequatur. Laborum vitae consequatur modi distinctio nihil id laborum consequuntur. Vel molestias officiis rerum omnis illo. Vel tenetur odit similique quo.', '2000-03-31 10:49:02'),
	(1030, 202, 285, 'Maxime aliquam aut error quisquam ex repellendus. Qui doloribus nihil quia quia. Commodi sint dignissimos consectetur deleniti inventore. Eaque eligendi fugiat ab qui.', '2003-03-06 07:26:50'),
	(1031, 222, 272, 'Magnam quas molestiae quam voluptatum aut id id. Corporis voluptas blanditiis sint dolorem. Necessitatibus repellendus repudiandae nihil officiis et est explicabo.', '1979-08-15 21:45:55'),
	(1032, 265, 298, 'Qui repudiandae voluptas mollitia rerum officia non. Optio culpa adipisci facilis expedita dolores sequi. Dolor a incidunt quibusdam consequatur unde. Quibusdam placeat architecto mollitia minima eaque.', '2004-01-19 08:04:39'),
	(1033, 229, 248, 'Eveniet eos fugit quae in qui. Sed quasi esse necessitatibus aut iure dolore. Aut laboriosam vel aliquam. Aut non maiores enim aspernatur sunt.', '1989-01-09 08:55:57'),
	(1034, 295, 238, 'Vitae magni ea minus. Ut impedit corporis ratione aut praesentium temporibus voluptates. Ab similique ex quas est dolores explicabo officia.', '1993-03-11 04:06:25'),
	(1035, 263, 278, 'Natus ab facilis officia quibusdam. Enim id beatae odio natus eligendi dolor. Accusantium ut maxime esse ut. Inventore quaerat animi est officiis ab. Saepe voluptas harum id.', '1995-09-13 05:38:15'),
	(1036, 215, 282, 'Voluptatibus ex officiis sed qui. Pariatur et eos accusamus laudantium iusto deleniti voluptatum et. Et mollitia consequatur omnis consequatur nemo laudantium fugiat. Animi et dolorem sunt et.', '1985-12-09 05:30:55'),
	(1037, 203, 273, 'Et et quo id fuga molestiae qui quo. Necessitatibus porro quibusdam dolor velit. Rerum non dolor et illum voluptatum.', '2003-03-27 00:27:47'),
	(1038, 212, 233, 'Iure asperiores libero autem nulla voluptatum sed. Voluptatem qui libero quia nulla qui. Dicta exercitationem nihil non architecto laboriosam quod aut. Eos quia libero ad in laboriosam.', '1994-09-21 18:51:09'),
	(1039, 237, 236, 'Aspernatur numquam est dolor magnam aut. Laboriosam atque non aperiam officia distinctio in id quo. Sint omnis quae numquam.', '1987-05-06 20:29:08'),
	(1040, 202, 286, 'Qui officiis voluptatem non nihil. Expedita qui possimus vero corporis esse magnam. Incidunt qui sed tempore molestias vel.', '2014-02-25 22:11:18'),
	(1041, 226, 267, 'Consequuntur dolore rem ex. Eum voluptates impedit sequi provident rerum dolores. Pariatur libero saepe dolores ea. Minima voluptatum tenetur cumque eius maxime minima.', '1975-08-17 23:46:54'),
	(1042, 296, 229, 'Officia corrupti sunt at inventore beatae est iste. Quibusdam autem et ullam at consectetur veritatis occaecati. Et dicta architecto atque et aliquid.', '2013-12-04 23:02:49'),
	(1043, 250, 280, 'Ratione voluptatibus et a qui. Aut dolorem odio saepe quae. Enim quae non corporis ab quis mollitia eaque.', '1994-12-20 07:41:59'),
	(1044, 232, 210, 'Eligendi dolor eligendi vitae dolores non vel. Eum qui amet hic amet eum. Ut ex a aliquid quam molestiae reprehenderit expedita eum. Veritatis corrupti et ullam sapiente voluptates odio.', '2020-08-11 08:25:44'),
	(1045, 247, 234, 'Rem fuga dolorem ipsa excepturi voluptate laborum. Error ea eum qui possimus nisi quasi doloremque. Alias qui quia cupiditate tempora distinctio occaecati. Veniam qui id autem dolores ipsam quibusdam nihil. Odio optio et facilis.', '1974-08-08 15:47:07'),
	(1046, 231, 286, 'Alias quis vel id. Voluptatem provident voluptas accusantium voluptates impedit exercitationem et. Porro ab sunt vel incidunt.', '2008-03-03 12:12:28'),
	(1047, 202, 293, 'Quidem voluptatem dolorum libero et sit voluptas. Possimus sed consequatur rerum deserunt assumenda nulla. Qui dignissimos dolorem sapiente omnis doloribus. Dolor ex ut illo saepe quis.', '2018-09-03 01:25:36'),
	(1048, 247, 204, 'Nobis dicta deserunt omnis praesentium. Consequatur occaecati eum dignissimos. Ut unde exercitationem nesciunt unde dicta et.', '2007-10-29 04:11:13'),
	(1049, 277, 289, 'Optio et accusantium minima repellendus. Dolore voluptate ab nihil minima quia. Non nihil distinctio omnis alias aut totam. Magnam quaerat ipsam fuga ut iusto.', '2003-05-30 02:44:19'),
	(1050, 213, 245, 'Atque fugit dolore esse. Tempore asperiores molestiae voluptatem et. Eos voluptas ut et quia saepe aspernatur quo. Mollitia quibusdam aspernatur quis tempora dolorum.', '2001-09-09 01:21:39'),
	(1051, 236, 299, 'Temporibus voluptatem quos libero natus aut aperiam. Labore magnam ipsum ad et voluptatum. Nihil illum voluptas eligendi ut est sint fuga est.', '1992-10-14 11:13:46'),
	(1052, 228, 270, 'In ut animi rerum atque sint velit et sit. Eos repellat non magnam sunt numquam consequatur amet.', '1978-04-18 23:22:34'),
	(1053, 274, 214, 'Eos et corporis quaerat eos fugit vero ea velit. Consequatur ex sint fugit hic et nulla. Voluptatem ab nihil qui voluptate reiciendis minima.', '2020-12-15 01:53:52'),
	(1054, 219, 288, 'Amet rerum dicta sit sed fugiat ipsa. Ut velit saepe voluptatem earum molestias earum amet asperiores. Qui voluptates provident ea tenetur autem. Maiores quia delectus exercitationem repellat et reiciendis.', '1990-12-06 19:49:03'),
	(1055, 227, 286, 'Vero sapiente in consequatur atque sequi ex assumenda. Enim voluptas corrupti velit unde. Ut nihil quos ipsum in reprehenderit. Excepturi voluptate sint dolores perferendis.', '1993-02-27 01:17:54'),
	(1056, 288, 262, 'Vel soluta suscipit est est placeat eaque. Dignissimos similique ipsa assumenda quas id consequuntur. Libero adipisci molestiae odio doloremque vero praesentium in.', '1987-12-27 13:04:02'),
	(1057, 212, 211, 'Quia nihil est fuga non eum qui aspernatur. Dolorum rerum architecto dolores ut fugit. Et quas optio omnis veniam sint minus possimus. Magni maiores in repudiandae aut rerum consequatur.', '1994-01-29 04:00:31'),
	(1058, 283, 290, 'Saepe modi vero nemo at asperiores odio nisi. Maxime sed ea error quos aut. Officiis impedit sed aut recusandae qui corrupti.', '2017-07-06 16:28:58'),
	(1059, 217, 224, 'Voluptatem atque inventore et perferendis consequuntur non. Veritatis enim amet deserunt doloribus voluptatum illum molestias voluptate. Error voluptas sit corrupti aliquam doloremque sed incidunt.', '2016-07-01 00:34:10'),
	(1060, 259, 205, 'Ratione cupiditate sunt velit ipsum animi non. Voluptas omnis non neque repellat rerum vel assumenda. Ut impedit sint sapiente molestias provident ratione.', '2013-06-22 14:33:58'),
	(1061, 246, 216, 'Rem vero sed quas iusto deleniti. Voluptates facere nesciunt aut quo et. Autem ab quas pariatur quisquam quos quia. Et nam molestiae adipisci aperiam tenetur.', '2020-12-26 02:27:42'),
	(1062, 294, 292, 'Sunt iusto velit non aspernatur ipsum explicabo vitae. Sunt ut incidunt vel consequatur sit quidem. Atque quae quos necessitatibus commodi aut. Ab dignissimos quia quia pariatur blanditiis.', '1994-08-29 02:48:42'),
	(1063, 269, 240, 'Qui sed perspiciatis neque molestiae fuga et. Ut suscipit omnis itaque repellat voluptatem qui velit. Repudiandae consectetur aut velit minima sed in eligendi at. Soluta tenetur ipsa id autem atque reiciendis debitis. Et ut a qui distinctio.', '2010-03-20 04:44:27'),
	(1064, 276, 269, 'Minima consequatur qui quia dolorem architecto. Deserunt maxime natus perferendis aliquam ipsa sapiente rerum sit. Accusantium eum et hic voluptatum.', '2013-12-19 08:49:06'),
	(1065, 282, 260, 'Cupiditate quo corporis porro occaecati voluptate sed. Maiores dolor et molestiae aliquam facilis vitae id. Quasi voluptas sit voluptatem itaque est facere optio dolore. Iste vel sit accusantium vero tempora in est.', '1990-04-21 14:44:04'),
	(1066, 239, 251, 'Sint illum corporis et ad neque eos eius. Non distinctio impedit natus consequatur quas suscipit. Est occaecati laborum non laudantium pariatur reiciendis. Fuga assumenda ea voluptate consequuntur. Veniam velit facilis quod quo eveniet ab consequuntur.', '1976-08-19 03:11:49'),
	(1067, 232, 216, 'Id quasi provident eligendi. Minus consequatur praesentium ducimus voluptate. Deleniti quidem a et eius quae aut.', '1983-11-10 07:45:53'),
	(1068, 271, 245, 'Et eius sunt dolores distinctio ducimus quia nostrum. Numquam dicta saepe rerum amet. Omnis id nesciunt perspiciatis amet natus. Dolorum quaerat quis omnis quia.', '2007-12-29 05:30:49'),
	(1069, 223, 234, 'Id at neque iste quasi voluptatem et. Id facilis eum saepe eum nemo pariatur natus ratione. Incidunt temporibus distinctio id consequatur. Quia voluptas et rerum aut id repellat.', '1987-03-01 07:35:09'),
	(1070, 272, 242, 'Voluptates exercitationem necessitatibus voluptates labore. Voluptas adipisci illo delectus dolor vero quos non. Est necessitatibus temporibus doloribus et animi illum animi.', '1995-03-27 03:31:20'),
	(1071, 287, 294, 'Nisi earum provident corporis sunt. Ex unde aut voluptatem excepturi quis. Assumenda et voluptatum necessitatibus labore omnis voluptatem inventore.', '1987-05-20 15:42:12'),
	(1072, 266, 202, 'Rerum vero debitis omnis ut et ullam accusantium. Quis voluptatem corporis ea omnis alias amet corrupti. Officia nulla architecto qui hic. Voluptatem voluptatum nesciunt quae quam sint sed.', '2009-04-11 06:19:01'),
	(1073, 282, 208, 'Aut sequi non qui dolorum ut quia qui. Animi quis eum nam saepe nulla numquam. Vero aut omnis beatae facilis est natus qui.', '1999-12-17 12:27:29'),
	(1074, 261, 294, 'Laudantium consequuntur voluptate corrupti aut architecto aut. Nobis natus sunt quas magnam ut. Dicta alias vero voluptatem facilis saepe molestias.', '1994-04-06 03:45:49'),
	(1075, 273, 211, 'Quibusdam distinctio sit similique necessitatibus. Non ducimus laudantium omnis minima quod ipsum odit quae. Est voluptatem voluptatem debitis aut quis nisi iste.', '2014-04-02 01:02:58'),
	(1076, 219, 234, 'Eaque voluptas aut ex odit. Molestias omnis fugit accusamus iusto deserunt. Minima eius iusto omnis voluptates ullam qui. Ex quia eum nulla facere.', '1994-07-01 13:09:38'),
	(1077, 255, 276, 'Quaerat dolores recusandae sunt autem. Non sint quia esse et tempora. Repellat in aliquam sit illo voluptas.', '1995-04-14 18:37:25'),
	(1078, 262, 286, 'Itaque sit quia enim eos ducimus corporis qui explicabo. Corrupti ut rerum sit dolorem.', '2001-10-28 00:58:06'),
	(1079, 234, 270, 'Adipisci fugiat necessitatibus voluptatem qui nobis alias. Similique vitae est mollitia sapiente reiciendis. Voluptatem placeat pariatur necessitatibus hic tempora itaque.', '2014-11-20 03:08:08'),
	(1080, 264, 256, 'Ratione sed rerum aliquid velit dolorem quidem. Sed inventore maxime voluptas necessitatibus. Tempore excepturi et ut error.', '2005-03-24 03:07:49'),
	(1081, 293, 289, 'Voluptatibus incidunt ad sunt quos et. Repudiandae rerum placeat veniam modi molestiae vel nisi. Qui enim a voluptates aspernatur tempora nisi.', '2009-10-28 14:47:39'),
	(1082, 285, 281, 'Cupiditate ut et laboriosam reiciendis. Perferendis et ut et corrupti. Autem nihil atque architecto saepe voluptate corrupti.', '2018-03-07 10:31:33'),
	(1083, 276, 290, 'Assumenda eos tenetur est earum et laborum. Totam ea voluptas possimus architecto aliquam illo. Aut laborum fugiat cumque inventore expedita est nisi rerum. Enim harum perspiciatis sapiente veniam aliquam saepe.', '1993-06-29 05:57:08'),
	(1084, 252, 258, 'Quidem odit omnis vitae sed ad ullam eaque. Deleniti quia delectus aut at veniam sunt qui. Ut accusamus omnis tempora repellendus quis odit. Voluptatem beatae commodi aut quas quidem et.', '2003-04-03 07:47:14'),
	(1085, 237, 271, 'Eligendi rerum rerum officiis maiores. Totam culpa est porro voluptates tempora. Facilis sed fugiat totam iusto voluptas ratione. Aliquam accusantium molestiae aut aut est ullam impedit.', '1979-02-24 03:07:47'),
	(1086, 207, 296, 'Et est unde aut. Aperiam aut tempore molestiae sed. Dolor est id accusamus autem eius voluptas est. Accusamus voluptatum rem non distinctio.', '1989-12-02 05:03:18'),
	(1087, 295, 257, 'Ea quae qui dolorum blanditiis quia atque ullam. Harum qui voluptatem et ut consequatur. Nesciunt voluptas ab maxime voluptas velit sapiente. Aut dolorem omnis similique. Consequuntur voluptatem eaque rerum id.', '2017-10-09 06:31:16'),
	(1088, 236, 286, 'Aut ea consequuntur laboriosam sit asperiores dolores. Quia sunt delectus illo et autem. Veniam expedita voluptatem voluptas delectus.', '1988-05-18 08:20:25'),
	(1089, 208, 212, 'Minima tenetur ad laudantium voluptatibus quo. Doloremque dolorem quis delectus ut odit accusamus officia asperiores. Excepturi facere vel autem voluptatem deserunt.', '1997-10-15 18:02:39'),
	(1090, 279, 208, 'Est provident rem itaque architecto quas. Hic qui laboriosam eveniet ut asperiores nam est quasi. Quia optio veritatis dolorem a culpa qui. Quos modi beatae incidunt minus et.', '2004-02-09 16:57:53'),
	(1091, 296, 203, 'Rem perspiciatis facere autem qui esse. Quis adipisci esse incidunt similique architecto. Fugiat enim reiciendis neque rerum ad. Eos quia ut aut et maxime et.', '2008-10-04 21:11:03'),
	(1092, 259, 286, 'Quia eius minus exercitationem est sunt recusandae. Error ut voluptatibus veritatis dignissimos inventore odio. Fuga expedita reprehenderit id quas.', '2008-06-03 03:33:46'),
	(1093, 236, 236, 'Veniam voluptatem quo repellendus sit et. Dicta asperiores ea praesentium aliquam illo ullam. Consequuntur aut quo est voluptatem.', '1998-10-27 08:56:53'),
	(1094, 286, 206, 'Aut qui autem laborum ratione. Odio quos veritatis libero soluta sed quos. Atque blanditiis dolor nulla at iusto est.', '1999-09-14 06:08:44'),
	(1095, 267, 244, 'Est dicta nesciunt quam. Deleniti rerum nobis fugiat ut ipsa quia hic. Aut corporis perspiciatis quidem pariatur laboriosam sunt. Voluptas quia nostrum a eaque officiis et dignissimos.', '1996-06-16 19:16:44'),
	(1096, 297, 286, 'Quia omnis architecto ab dolorem temporibus. Ea et aut distinctio reiciendis quasi est ratione ut. Dolor delectus iure ipsum vel.', '2006-12-12 19:27:58'),
	(1097, 285, 268, 'Laboriosam aliquam inventore eligendi voluptas. Est assumenda corrupti commodi. Blanditiis rerum maxime possimus voluptatem earum. Dolores minima nihil consequatur placeat quia suscipit facere.', '1980-11-01 16:43:18'),
	(1098, 295, 286, 'Est dolore repellat cumque fuga ipsam. Omnis eum aut minima dolor. Velit placeat atque voluptatem quia. Ad incidunt doloribus reprehenderit vero veniam eos.', '1971-06-10 10:45:41'),
	(1099, 228, 231, 'Inventore expedita modi aliquam nostrum ut assumenda non. Esse facere aut aspernatur id ipsum voluptatem voluptas.', '1983-01-25 03:20:18'),
	(1100, 265, 292, 'Deleniti cupiditate et voluptatem. Modi est et rerum facilis assumenda quisquam sed et. Quidem omnis quibusdam id voluptates nulla.', '2000-09-05 23:29:06'),
	(1101, 260, 228, 'Est repudiandae culpa quam asperiores enim vel. Magni eos aliquid quod ipsa non. Quasi esse quae quas est non.', '2018-11-08 02:59:03'),
	(1102, 220, 205, 'Sed ea voluptate aut sapiente odit. Non ut molestiae at delectus quibusdam voluptate impedit molestiae. Nemo tempora aut ea.', '1978-02-12 13:20:08'),
	(1103, 203, 203, 'Aliquid expedita labore sunt et rerum ipsam. Mollitia quis exercitationem consequuntur magni. Eos voluptatum ut nisi vero deserunt. Neque non voluptatem in tenetur velit quia.', '2009-03-08 13:26:56'),
	(1104, 260, 205, 'Ea quia quidem cupiditate optio. Voluptates inventore eos molestias iusto. Iusto tenetur et et atque. Qui commodi cupiditate incidunt repudiandae.', '2006-01-29 06:25:47'),
	(1105, 224, 222, 'Ad qui architecto molestiae pariatur quia. Vitae eligendi est a totam iusto perspiciatis. Aperiam nihil harum architecto ipsa. Dolores ad quia rem voluptates aliquid sunt earum voluptatum.', '2007-08-07 03:47:14'),
	(1106, 267, 281, 'Voluptate perspiciatis accusamus sed animi. Officia a assumenda possimus beatae rerum quo. Aut eveniet commodi ut officiis consequuntur fuga. Officiis praesentium veniam reprehenderit.', '1979-11-26 16:58:51'),
	(1107, 255, 234, 'Quis doloribus ipsa vel deleniti. Excepturi qui eum ut eius rerum. Impedit qui nesciunt aliquam. Pariatur nobis commodi est et omnis dolorum eum.', '2007-11-15 15:18:20'),
	(1108, 244, 264, 'Accusamus sit aut et nihil iusto nihil possimus. Sit neque voluptate rerum saepe culpa soluta labore eum. Error fugit et beatae reprehenderit labore.', '1995-02-08 13:54:16'),
	(1109, 237, 201, 'Debitis id autem ea qui et. Perspiciatis porro sint consequatur explicabo. Vero non voluptate omnis harum autem.', '1993-04-10 01:26:23'),
	(1110, 274, 203, 'Assumenda vero voluptatem vitae eos est ullam sint eos. Quia est quam corrupti fugiat. Ab iure pariatur recusandae cumque nostrum. Corporis dolores accusamus pariatur et et.', '2019-09-15 07:34:42'),
	(1111, 233, 232, 'Quos aspernatur quaerat excepturi molestias. Laudantium dolorem accusantium nobis quaerat possimus et inventore. Iste fugiat et illum dolorum. Dolor magnam accusamus magnam excepturi ea.', '2000-12-02 16:21:42'),
	(1112, 267, 224, 'Excepturi est atque nesciunt est. Dolor vero tenetur tempora. Id adipisci non inventore dolores autem et architecto amet. Distinctio et tenetur molestiae ipsum inventore similique ducimus.', '1994-03-09 14:41:31'),
	(1113, 253, 266, 'Enim et dolorem cumque. Voluptatem cupiditate aliquam eos aut rerum qui quaerat. Accusantium velit aut id.', '2004-12-25 05:50:43'),
	(1114, 207, 243, 'Non eos non voluptas libero molestiae cupiditate corporis. Error voluptatum iusto mollitia magnam doloremque. Accusamus ea assumenda corrupti numquam tempora quidem blanditiis. Praesentium officia sed eum fugit harum.', '2014-03-16 23:24:53'),
	(1115, 291, 220, 'Autem amet doloremque eos dolorum unde aut. Asperiores voluptatem omnis ducimus rerum ipsum exercitationem. Et illum et et culpa.', '1990-10-12 23:33:17'),
	(1116, 206, 251, 'Asperiores reprehenderit tempora optio occaecati pariatur. In ratione aspernatur omnis et. Cumque laudantium modi odio occaecati ab reiciendis est.', '2007-06-04 19:20:12'),
	(1117, 212, 279, 'Autem fugiat et harum fugiat autem et. Adipisci cupiditate ut beatae similique culpa enim. Rerum fugit sit dolores est iste ea quae eum.', '2012-11-25 10:28:53'),
	(1118, 216, 260, 'Magnam consectetur aspernatur maxime ea. Impedit omnis consequatur beatae asperiores dicta a.', '1993-06-16 10:27:39'),
	(1119, 250, 242, 'Fuga quia nisi facere animi qui qui cumque. Ipsum tenetur ipsa asperiores accusantium quia. Sequi vero provident veniam laborum nihil. Maiores officiis porro quasi at sit.', '2012-12-09 04:47:40'),
	(1120, 297, 203, 'Vel tempora enim ratione odit cum voluptas tempora. Modi fugit et laborum. Dignissimos perferendis ullam eum.', '1979-10-19 17:36:07'),
	(1121, 219, 293, 'Eligendi quis necessitatibus vitae dolor. Est nemo libero modi blanditiis. Inventore sed alias reiciendis blanditiis.', '1996-11-01 04:46:57'),
	(1122, 250, 295, 'Aut voluptate nam neque maxime. Voluptas eveniet sed ut omnis dolorem. Dolores tempore ex quia dolorum pariatur impedit.', '1983-08-21 08:10:39'),
	(1123, 292, 226, 'Aut molestias dolor veritatis. Sed optio id laborum assumenda quam. Excepturi perferendis amet nisi illum. Natus eaque quia sed amet et in maiores.', '1991-03-16 05:52:03'),
	(1124, 229, 260, 'Sed et fuga error culpa aut dolores aperiam. Cum voluptas ut at sint. Tenetur voluptas sapiente reiciendis expedita dolorum.', '2020-08-12 14:49:52'),
	(1125, 231, 249, 'Rerum rerum doloribus fugit ut consequuntur aut. Excepturi sed ut et nisi enim. Reprehenderit temporibus veritatis at.', '2009-04-29 14:47:00'),
	(1126, 227, 217, 'Minima repudiandae non quam animi. Consectetur laborum necessitatibus voluptatibus inventore. Sequi et quo porro assumenda corrupti impedit iure. Molestiae modi praesentium repudiandae officia quos. Eligendi nam esse amet architecto pariatur quae maiores error.', '2013-03-01 17:39:16'),
	(1127, 239, 235, 'Occaecati aperiam amet quia rerum. Consequatur natus tempore eum ipsa tenetur molestiae consequatur. Officiis et impedit quam et illum nesciunt eum.', '2019-01-31 09:55:22'),
	(1128, 221, 272, 'Necessitatibus velit eum voluptas laborum similique. In molestiae est suscipit. Mollitia consequatur expedita id eum molestias aut officia.', '2020-02-13 21:29:56'),
	(1129, 283, 262, 'Minus et porro ut fuga iure quos est. Aut inventore repellendus iste enim a numquam. Rem unde qui pariatur quidem qui sed saepe.', '2013-01-08 13:10:59'),
	(1130, 298, 245, 'Veniam quo ipsum ea accusantium modi nesciunt. Qui iusto molestias eligendi eum sit. Provident aut quis deserunt doloribus dolorum iure. Est veniam ex eos eum est dolores aliquid.', '1977-02-10 09:34:13'),
	(1131, 264, 231, 'Dolore sunt impedit quasi inventore delectus est. Dolorem tempora est est itaque aut quis similique exercitationem. Quidem quod atque culpa omnis alias sit. Rerum similique consequatur incidunt cum blanditiis et dignissimos reiciendis.', '1977-04-07 01:03:26'),
	(1132, 270, 260, 'Autem eum ullam distinctio natus et in expedita autem. Voluptatum rerum fugit qui magnam. Quia atque illo est tempora mollitia qui eius.', '2013-01-07 14:50:56'),
	(1133, 297, 296, 'Omnis quis nemo ea officia quia quibusdam. Sequi ut dolores sed sit dicta eligendi. Natus sit voluptatem iste atque non. Quam officiis ea dolorem eum et corrupti.', '2005-11-21 09:00:24'),
	(1134, 282, 201, 'Aut tenetur impedit dolorem nisi labore. Modi deserunt quo amet corrupti quod eum sit. Sint dicta occaecati facere quam deserunt omnis. Ut vel expedita sit nisi dolore non explicabo.', '2005-07-07 00:38:34'),
	(1135, 210, 262, 'Quasi consectetur deserunt blanditiis repellat. Tenetur voluptas hic minima.', '1972-09-08 22:27:21'),
	(1136, 281, 208, 'Molestias ratione qui atque qui necessitatibus perspiciatis sed. Maxime quae totam quam non provident eius dolores. Ut velit vero eos assumenda.', '1996-05-11 14:44:11'),
	(1137, 300, 267, 'Fuga omnis est repellendus quaerat quas vitae aut. Hic saepe debitis optio natus vel rerum. Ullam quia nihil voluptatem distinctio possimus eos modi sed.', '1970-09-20 02:01:45'),
	(1138, 267, 224, 'Et occaecati sequi id qui provident quia praesentium. Repellat enim quia id tempora minus. Ratione repudiandae dolorum quia officiis autem.', '1993-10-06 05:37:32'),
	(1139, 294, 204, 'Quo omnis nisi corporis voluptatem. Tempora eum ad iusto voluptatibus facere veniam. Et rem illum error non voluptatum.', '1978-07-14 07:17:18'),
	(1140, 213, 245, 'Consectetur facere vero assumenda culpa. Veniam provident ratione voluptatem recusandae. Illo vitae soluta sint sint.', '1988-06-14 11:05:00'),
	(1141, 287, 259, 'Corporis sit non repellendus rerum temporibus quidem at. Omnis ex voluptas voluptas corrupti dolorem omnis nulla. Et quia sint voluptatum et corrupti. Perferendis praesentium voluptatem ea non veniam voluptates adipisci.', '2002-01-06 13:24:44'),
	(1142, 244, 282, 'Expedita sint commodi tempore repellendus quas. Eum possimus quis consequuntur repellendus facere sequi quia. Ipsam corporis ut nihil voluptatem quae. Quia beatae ut ex maxime dolorum sint soluta. Eum aut culpa voluptatem.', '2004-04-11 15:47:02'),
	(1143, 248, 286, 'Doloremque aut illo rerum incidunt ad ullam. Harum et qui dignissimos sit repellat totam corrupti velit. Quod voluptate et blanditiis odio expedita.', '2002-05-29 09:27:26'),
	(1144, 242, 237, 'Nisi ipsum suscipit qui id cumque et. Quia ut sunt dolorem neque laudantium. Minima perspiciatis minus quo quia omnis est odio qui. Et sed adipisci voluptas.', '1990-07-01 07:28:11'),
	(1145, 218, 263, 'Ipsam debitis fuga autem natus aut rerum hic. Voluptatem quam deserunt fugiat consequatur. Libero maxime molestiae quasi commodi neque voluptatem rerum reprehenderit. Dolor recusandae quidem dolore vel. Qui nihil soluta vel alias neque adipisci quidem.', '1998-08-29 08:51:02'),
	(1146, 256, 221, 'Aliquam alias cum expedita et consequatur voluptatem. Autem vitae commodi minus velit doloremque. Omnis facilis est numquam voluptates. Ex quasi similique quia ratione alias.', '1979-03-29 14:44:57'),
	(1147, 285, 292, 'Aut dolore perferendis cumque sit reprehenderit blanditiis. Enim hic et facilis suscipit placeat. In vitae consequatur autem consequatur facilis illo reiciendis quos. Natus maiores repellendus aut. Voluptates fugiat quia ullam consequatur iusto provident ea.', '2004-09-25 11:43:56'),
	(1148, 287, 287, 'Perferendis laborum molestias doloribus odit. Quia beatae impedit excepturi. Ipsum excepturi hic autem quaerat iure. Sit in qui corporis et molestiae.', '2006-01-25 20:46:24'),
	(1149, 270, 267, 'Est nihil tenetur saepe veritatis. Et dolorum numquam sit hic. Maxime esse ipsa fugit odit vitae quis labore. Laudantium eum nihil praesentium non. Iusto non quia sit dicta aliquam voluptatem assumenda.', '1978-07-17 08:37:48'),
	(1150, 223, 254, 'Quasi quia labore aliquid. Libero sunt repudiandae possimus assumenda sunt dignissimos sint. Deserunt iusto qui eaque sint praesentium sit. Sit totam voluptas cum nulla earum non totam dolores.', '2013-03-01 18:43:20'),
	(1151, 242, 211, 'Numquam voluptate necessitatibus quia voluptatum consequatur rem ipsam. Hic est cupiditate enim aut recusandae ut sunt unde. Reprehenderit exercitationem est aut eum. Ducimus reiciendis nobis ratione in autem sed.', '2013-05-10 23:31:49'),
	(1152, 218, 290, 'Repudiandae magni temporibus suscipit quos fugit dicta. Et et vero aliquam. Delectus ipsam odio quae voluptas occaecati commodi.', '1983-12-13 08:00:03'),
	(1153, 208, 203, 'Sapiente qui doloremque doloribus illum. Inventore nam illum velit hic reprehenderit eveniet est. Aspernatur molestiae non voluptatibus dolores natus qui deleniti. Sunt veritatis labore aut unde mollitia.', '2011-04-15 18:14:27'),
	(1154, 260, 279, 'Quia non occaecati cupiditate quia architecto vel aut. Voluptatibus quia qui dolores qui sunt est. Id aut dolores repellat aut aut et. Ut dolore dolor eveniet non quia magnam nihil.', '1991-10-18 19:36:23'),
	(1155, 247, 209, 'Et alias dicta quisquam quam. A dicta sunt neque molestiae.', '2017-12-16 06:41:04'),
	(1156, 269, 266, 'Animi ab dolorem voluptatibus non labore tempora expedita. Cumque eos minus et. Ea ex quas fugiat natus. Quia molestiae animi aut quae voluptatum tempore.', '1998-01-26 18:19:17'),
	(1157, 214, 207, 'Nihil hic est nam recusandae saepe vel omnis rerum. Voluptas a quo non a. Non officiis voluptatem facere reiciendis unde dignissimos.', '2008-03-10 06:00:38'),
	(1158, 266, 216, 'Aut totam eligendi nostrum ipsam quisquam quasi quibusdam. Cumque voluptas ut et laborum eligendi. Qui est illo quo ut dolores.', '1975-06-20 00:00:00'),
	(1159, 265, 229, 'Alias maxime beatae sint dignissimos earum corrupti ullam. Et nihil facilis libero id voluptatum deserunt eum sed. Et autem adipisci minima illo maiores. Quis provident animi id omnis.', '1991-12-11 13:20:21'),
	(1160, 292, 298, 'Pariatur quaerat distinctio quia rerum animi id deleniti recusandae. Est consectetur praesentium laboriosam. Et sint quia natus illo.', '1983-07-24 10:56:56'),
	(1161, 294, 295, 'Aut incidunt sit ut voluptas eius. Voluptates officia quia accusantium tenetur consectetur neque. Aut aut distinctio quidem quo esse id. Minus eaque delectus iste vel recusandae architecto voluptatem doloribus.', '2005-01-18 06:09:24'),
	(1162, 225, 212, 'Iste minus aspernatur iste. Quas nemo dolor est qui fugiat recusandae saepe. Ut dolore ratione et exercitationem enim animi sapiente.', '1970-05-14 09:53:26'),
	(1163, 225, 229, 'Officia totam vero vel sequi. Voluptatem quaerat asperiores iusto voluptatem est repudiandae. Aliquam qui delectus consequatur vel commodi ut dignissimos. Voluptatem laborum tempora autem veritatis qui voluptas.', '1973-03-30 02:00:38'),
	(1164, 245, 230, 'Error sed facere ad nihil veniam. Repellat necessitatibus minima distinctio. Dolores assumenda animi harum voluptatibus qui quaerat. Sequi laborum ea enim optio animi.', '1997-02-21 06:57:25'),
	(1165, 213, 260, 'Quia dolores quos amet exercitationem ab accusamus autem ratione. Voluptatem temporibus non possimus repellat et quas.', '2002-09-08 08:48:36'),
	(1166, 284, 228, 'Iste dicta quia soluta cumque aspernatur id. Tempore aut nihil ab magnam rem dolorem eaque quia. Sint vero impedit doloribus perspiciatis alias. Eius id qui ex labore.', '1978-05-10 10:35:52'),
	(1167, 239, 229, 'Repellendus est qui beatae quam. Sit vel architecto eos dolorem quos vitae eum. Dolore harum illo ea. Natus aliquam et totam et corrupti.', '1983-01-18 04:03:51'),
	(1168, 281, 290, 'Eos unde incidunt deserunt sed fuga. Et suscipit dolores odio et atque aut adipisci. Ullam ducimus vero dicta ut architecto placeat impedit.', '2001-09-13 19:31:16'),
	(1169, 213, 225, 'In aut sit a non nam minus. Ut aperiam corporis dolores necessitatibus minima odit. Ipsa harum labore natus qui facere voluptas ea.', '2013-09-16 06:25:53'),
	(1170, 262, 260, 'Quibusdam accusamus error ab ab quod. Quam error rerum unde nulla. Rerum praesentium officia eligendi quo sint veniam.', '2019-12-11 14:22:41'),
	(1171, 240, 220, 'Mollitia itaque et repudiandae laborum. Quae non earum placeat enim in adipisci quos aut. Sed vero veniam tenetur. Veritatis mollitia doloremque qui sequi.', '2000-02-16 16:54:03'),
	(1172, 285, 208, 'Rerum dolores ipsa in quis consequatur dolore eligendi. Repellat omnis voluptas deserunt delectus similique a. Deleniti et voluptas ipsam nihil. Sapiente itaque iusto sed debitis.', '2006-11-07 09:55:12'),
	(1173, 293, 241, 'Voluptate accusantium a repellat numquam sit nesciunt. Enim velit qui temporibus aliquam. Dolorem velit accusamus voluptate.', '1972-02-13 15:29:36'),
	(1174, 229, 219, 'Non doloribus in voluptas labore nihil et ratione. Neque dolor cum expedita consequuntur asperiores veniam. Eos minima voluptatem iure.', '1986-08-19 20:07:56'),
	(1175, 260, 275, 'Sequi dolorem fuga quia ut qui. Placeat eos et id voluptatem quia. Soluta corrupti libero dolores voluptatibus aut. Dignissimos aliquid aut facere maiores.', '1972-02-07 07:55:37'),
	(1176, 268, 242, 'Ratione voluptas quisquam maxime ratione. Nam qui nesciunt illum velit a sequi corporis. Illo corporis sint asperiores mollitia expedita voluptatem. Eveniet eaque laudantium aliquid quis possimus.', '1992-06-25 04:00:50'),
	(1177, 271, 232, 'Odio eaque nihil iusto rerum est molestiae. Provident adipisci ab voluptatem iure cupiditate voluptatem voluptates. Quidem sit unde temporibus incidunt ratione.', '1981-10-23 20:39:31'),
	(1178, 236, 229, 'Et pariatur nostrum iusto deleniti. Eveniet voluptatibus voluptatem velit voluptatum distinctio. Cupiditate debitis voluptates laboriosam ratione quibusdam quidem neque tempora. Vitae mollitia est ipsam.', '2018-04-21 22:34:38'),
	(1179, 234, 284, 'Molestiae ut a error est. Et omnis numquam facere ipsa qui modi. Aut modi dolor sed ducimus sunt occaecati. Fuga distinctio ut repellat ut quod aliquam.', '2010-03-22 14:59:32'),
	(1180, 205, 225, 'Minus a dolorem placeat saepe. Laborum dignissimos dolores nesciunt voluptate in. Autem harum necessitatibus magnam quidem assumenda provident et.', '1996-08-22 17:18:08'),
	(1181, 294, 240, 'Porro itaque vero architecto aliquam ab aut. Nam ut voluptatibus qui mollitia. Ea laborum quasi facere sed mollitia odio similique quis.', '1995-03-31 03:49:31'),
	(1182, 225, 217, 'Tenetur voluptas tenetur veniam. Modi aspernatur praesentium fugiat qui numquam. Voluptatem quisquam aut iusto est commodi.', '1993-07-20 09:18:09'),
	(1183, 239, 244, 'Ratione sit ad consequatur dolore ipsum nostrum. Inventore adipisci sequi eligendi rem. Repellendus blanditiis et quam qui praesentium sunt.', '2016-01-28 08:30:40'),
	(1184, 259, 255, 'Quam vel et doloribus ex autem omnis. Corrupti voluptatibus et ipsam ipsa alias libero debitis.', '2021-01-15 22:24:23'),
	(1185, 285, 295, 'Sed aliquid ut sit eum non explicabo commodi. Cupiditate aut numquam voluptas eos omnis tempore veritatis velit. Vel veniam eum mollitia perspiciatis reprehenderit. Omnis voluptatem et nisi laborum qui repellat.', '1987-05-10 10:33:56'),
	(1186, 240, 293, 'Et et eum voluptatem ullam. Incidunt eius minima nihil rerum animi consectetur.', '2003-07-18 04:02:43'),
	(1187, 243, 214, 'Voluptatem accusamus eos maxime voluptas. Beatae quis consequatur blanditiis consequatur non incidunt et voluptatum. Quisquam eaque aperiam dolorem. Iure similique autem deserunt velit.', '1991-02-20 14:27:19'),
	(1188, 291, 269, 'Exercitationem mollitia rerum natus quis temporibus molestias et. Repellendus nulla ipsam fugit eaque est asperiores ut. Voluptate quis quidem fuga suscipit accusantium ullam autem assumenda. Ut vero similique debitis nostrum ipsa.', '2008-01-04 17:35:06'),
	(1189, 261, 263, 'Id magni enim nihil magni qui quo voluptatum dicta. Repellat aut quos ratione maiores itaque aspernatur. Adipisci autem facilis quae natus nam laborum. Rerum qui perferendis dolores facilis repudiandae in.', '2007-02-27 03:57:51'),
	(1190, 276, 273, 'Non in consequatur rerum. Cumque et aliquam sunt rerum rerum expedita consectetur. Omnis est esse at unde.', '1999-11-19 07:42:45'),
	(1191, 217, 249, 'Voluptates vero impedit quas. Error ipsum ut necessitatibus omnis praesentium excepturi nostrum accusantium. Dolore commodi fugiat voluptatum soluta porro dolor facere possimus.', '1987-03-28 20:47:49'),
	(1192, 262, 277, 'Saepe quasi odit ipsa illo veritatis. Nihil explicabo eos architecto sint ut placeat. Ut sit illo at reprehenderit consequatur qui.', '1994-11-11 02:24:47'),
	(1193, 231, 268, 'Non consectetur quia autem voluptates. Aut sapiente fugiat et laborum nihil amet. Vitae porro sunt voluptatem facere nobis.', '1976-09-25 21:21:17'),
	(1194, 210, 205, 'Deserunt vitae at consequatur molestiae veniam cupiditate. Aut aperiam sequi rerum et. Voluptatem accusamus et culpa.', '2015-11-12 10:17:23'),
	(1195, 293, 215, 'Aliquid nobis sunt occaecati quibusdam qui. Illo sed eligendi incidunt eum occaecati cupiditate error. Adipisci mollitia quidem consequuntur blanditiis animi occaecati sed. Qui et unde ut quod repellendus deserunt dolores.', '2018-06-15 05:49:23'),
	(1196, 246, 282, 'Aut aut dolorum velit. Natus sint doloribus ullam explicabo est ab perferendis. Doloribus non perspiciatis in autem culpa illo. Vel quia beatae voluptates illo aspernatur quis.', '2002-04-12 21:30:50'),
	(1197, 298, 280, 'Est assumenda natus quis impedit. Eius aut sed impedit officia ducimus doloribus aut. Consequatur officiis nulla rerum id distinctio minima.', '1998-02-08 04:35:41'),
	(1198, 259, 266, 'Tenetur odio mollitia cupiditate. Itaque illum voluptate sed autem et neque harum. Et harum ipsum ut ut quam. Corporis eum libero non.', '1983-03-21 05:17:28'),
	(1199, 253, 295, 'Aspernatur sit id facere et dolores. Facilis quam eum laborum voluptates vel quidem quia. Debitis deserunt beatae pariatur aspernatur et a.', '1986-02-07 05:35:27'),
	(1200, 257, 204, 'Saepe rerum eveniet est velit omnis suscipit. Magni dolor sit qui rerum dolor est consequatur. Beatae et voluptatem labore vel nulla porro et.', '1992-02-28 05:17:38');
/*!40000 ALTER TABLE `messages` ENABLE KEYS */;

-- Дамп структуры для таблица vk.photos
CREATE TABLE IF NOT EXISTS `photos` (
  `id` bigint unsigned NOT NULL AUTO_INCREMENT,
  `album_id` bigint unsigned DEFAULT NULL,
  `media_id` bigint unsigned NOT NULL,
  UNIQUE KEY `id` (`id`),
  KEY `album_id` (`album_id`),
  KEY `media_id` (`media_id`),
  CONSTRAINT `photos_ibfk_1` FOREIGN KEY (`album_id`) REFERENCES `photo_albums` (`id`),
  CONSTRAINT `photos_ibfk_2` FOREIGN KEY (`media_id`) REFERENCES `media` (`id`)
) ENGINE=InnoDB AUTO_INCREMENT=401 DEFAULT CHARSET=utf8 COLLATE=utf8_unicode_ci;

-- Дамп данных таблицы vk.photos: ~200 rows (приблизительно)
/*!40000 ALTER TABLE `photos` DISABLE KEYS */;
INSERT INTO `photos` (`id`, `album_id`, `media_id`) VALUES
	(201, 151, 201),
	(202, 152, 202),
	(203, 153, 203),
	(204, 154, 204),
	(205, 155, 205),
	(206, 156, 206),
	(207, 157, 207),
	(208, 158, 208),
	(209, 159, 209),
	(210, 160, 210),
	(211, 161, 211),
	(212, 162, 212),
	(213, 163, 213),
	(214, 164, 214),
	(215, 165, 215),
	(216, 166, 216),
	(217, 167, 217),
	(218, 168, 218),
	(219, 169, 219),
	(220, 170, 220),
	(221, 171, 221),
	(222, 172, 222),
	(223, 173, 223),
	(224, 174, 224),
	(225, 175, 225),
	(226, 176, 226),
	(227, 177, 227),
	(228, 178, 228),
	(229, 179, 229),
	(230, 180, 230),
	(231, 181, 231),
	(232, 182, 232),
	(233, 183, 233),
	(234, 184, 234),
	(235, 185, 235),
	(236, 186, 236),
	(237, 187, 237),
	(238, 188, 238),
	(239, 189, 239),
	(240, 190, 240),
	(241, 191, 241),
	(242, 192, 242),
	(243, 193, 243),
	(244, 194, 244),
	(245, 195, 245),
	(246, 196, 246),
	(247, 197, 247),
	(248, 198, 248),
	(249, 199, 249),
	(250, 200, 250),
	(251, 201, 251),
	(252, 202, 252),
	(253, 203, 253),
	(254, 204, 254),
	(255, 205, 255),
	(256, 206, 256),
	(257, 207, 257),
	(258, 208, 258),
	(259, 209, 259),
	(260, 210, 260),
	(261, 211, 261),
	(262, 212, 262),
	(263, 213, 263),
	(264, 214, 264),
	(265, 215, 265),
	(266, 216, 266),
	(267, 217, 267),
	(268, 218, 268),
	(269, 219, 269),
	(270, 220, 270),
	(271, 221, 271),
	(272, 222, 272),
	(273, 223, 273),
	(274, 224, 274),
	(275, 225, 275),
	(276, 226, 276),
	(277, 227, 277),
	(278, 228, 278),
	(279, 229, 279),
	(280, 230, 280),
	(281, 231, 281),
	(282, 232, 282),
	(283, 233, 283),
	(284, 234, 284),
	(285, 235, 285),
	(286, 236, 286),
	(287, 237, 287),
	(288, 238, 288),
	(289, 239, 289),
	(290, 240, 290),
	(291, 241, 291),
	(292, 242, 292),
	(293, 243, 293),
	(294, 244, 294),
	(295, 245, 295),
	(296, 246, 296),
	(297, 247, 297),
	(298, 248, 298),
	(299, 249, 299),
	(300, 250, 300),
	(301, 151, 301),
	(302, 152, 302),
	(303, 153, 303),
	(304, 154, 304),
	(305, 155, 305),
	(306, 156, 306),
	(307, 157, 307),
	(308, 158, 308),
	(309, 159, 309),
	(310, 160, 310),
	(311, 161, 311),
	(312, 162, 312),
	(313, 163, 313),
	(314, 164, 314),
	(315, 165, 315),
	(316, 166, 316),
	(317, 167, 317),
	(318, 168, 318),
	(319, 169, 319),
	(320, 170, 320),
	(321, 171, 321),
	(322, 172, 322),
	(323, 173, 323),
	(324, 174, 324),
	(325, 175, 325),
	(326, 176, 326),
	(327, 177, 327),
	(328, 178, 328),
	(329, 179, 329),
	(330, 180, 330),
	(331, 181, 331),
	(332, 182, 332),
	(333, 183, 333),
	(334, 184, 334),
	(335, 185, 335),
	(336, 186, 336),
	(337, 187, 337),
	(338, 188, 338),
	(339, 189, 339),
	(340, 190, 340),
	(341, 191, 341),
	(342, 192, 342),
	(343, 193, 343),
	(344, 194, 344),
	(345, 195, 345),
	(346, 196, 346),
	(347, 197, 347),
	(348, 198, 348),
	(349, 199, 349),
	(350, 200, 350),
	(351, 201, 351),
	(352, 202, 352),
	(353, 203, 353),
	(354, 204, 354),
	(355, 205, 355),
	(356, 206, 356),
	(357, 207, 357),
	(358, 208, 358),
	(359, 209, 359),
	(360, 210, 360),
	(361, 211, 361),
	(362, 212, 362),
	(363, 213, 363),
	(364, 214, 364),
	(365, 215, 365),
	(366, 216, 366),
	(367, 217, 367),
	(368, 218, 368),
	(369, 219, 369),
	(370, 220, 370),
	(371, 221, 371),
	(372, 222, 372),
	(373, 223, 373),
	(374, 224, 374),
	(375, 225, 375),
	(376, 226, 376),
	(377, 227, 377),
	(378, 228, 378),
	(379, 229, 379),
	(380, 230, 380),
	(381, 231, 381),
	(382, 232, 382),
	(383, 233, 383),
	(384, 234, 384),
	(385, 235, 385),
	(386, 236, 386),
	(387, 237, 387),
	(388, 238, 388),
	(389, 239, 389),
	(390, 240, 390),
	(391, 241, 391),
	(392, 242, 392),
	(393, 243, 393),
	(394, 244, 394),
	(395, 245, 395),
	(396, 246, 396),
	(397, 247, 397),
	(398, 248, 398),
	(399, 249, 399),
	(400, 250, 400);
/*!40000 ALTER TABLE `photos` ENABLE KEYS */;

-- Дамп структуры для таблица vk.photo_albums
CREATE TABLE IF NOT EXISTS `photo_albums` (
  `id` bigint unsigned NOT NULL AUTO_INCREMENT,
  `name` varchar(255) CHARACTER SET utf8 COLLATE utf8_unicode_ci DEFAULT NULL,
  `user_id` bigint unsigned DEFAULT NULL,
  PRIMARY KEY (`id`),
  UNIQUE KEY `id` (`id`),
  KEY `user_id` (`user_id`),
  CONSTRAINT `photo_albums_ibfk_1` FOREIGN KEY (`user_id`) REFERENCES `users` (`id`)
) ENGINE=InnoDB AUTO_INCREMENT=251 DEFAULT CHARSET=utf8 COLLATE=utf8_unicode_ci;

-- Дамп данных таблицы vk.photo_albums: ~100 rows (приблизительно)
/*!40000 ALTER TABLE `photo_albums` DISABLE KEYS */;
INSERT INTO `photo_albums` (`id`, `name`, `user_id`) VALUES
	(151, 'dolores', 201),
	(152, 'in', 202),
	(153, 'esse', 203),
	(154, 'et', 204),
	(155, 'vel', 205),
	(156, 'ut', 206),
	(157, 'quis', 207),
	(158, 'eaque', 208),
	(159, 'voluptatum', 209),
	(160, 'aut', 210),
	(161, 'voluptatem', 211),
	(162, 'accusantium', 212),
	(163, 'odio', 213),
	(164, 'necessitatibus', 214),
	(165, 'molestiae', 215),
	(166, 'et', 216),
	(167, 'voluptates', 217),
	(168, 'aut', 218),
	(169, 'qui', 219),
	(170, 'molestiae', 220),
	(171, 'fugiat', 221),
	(172, 'eum', 222),
	(173, 'distinctio', 223),
	(174, 'quo', 224),
	(175, 'aut', 225),
	(176, 'harum', 226),
	(177, 'non', 227),
	(178, 'et', 228),
	(179, 'vel', 229),
	(180, 'consectetur', 230),
	(181, 'repellat', 231),
	(182, 'qui', 232),
	(183, 'et', 233),
	(184, 'ratione', 234),
	(185, 'facere', 235),
	(186, 'cumque', 236),
	(187, 'itaque', 237),
	(188, 'sed', 238),
	(189, 'expedita', 239),
	(190, 'et', 240),
	(191, 'eius', 241),
	(192, 'distinctio', 242),
	(193, 'reprehenderit', 243),
	(194, 'enim', 244),
	(195, 'et', 245),
	(196, 'iusto', 246),
	(197, 'aliquid', 247),
	(198, 'fugit', 248),
	(199, 'perspiciatis', 249),
	(200, 'neque', 250),
	(201, 'temporibus', 251),
	(202, 'laborum', 252),
	(203, 'ut', 253),
	(204, 'nostrum', 254),
	(205, 'doloribus', 255),
	(206, 'quo', 256),
	(207, 'cum', 257),
	(208, 'ut', 258),
	(209, 'totam', 259),
	(210, 'nobis', 260),
	(211, 'rerum', 261),
	(212, 'est', 262),
	(213, 'perferendis', 263),
	(214, 'dolores', 264),
	(215, 'ea', 265),
	(216, 'expedita', 266),
	(217, 'dolor', 267),
	(218, 'sit', 268),
	(219, 'provident', 269),
	(220, 'sint', 270),
	(221, 'nemo', 271),
	(222, 'quasi', 272),
	(223, 'officiis', 273),
	(224, 'aperiam', 274),
	(225, 'quo', 275),
	(226, 'sapiente', 276),
	(227, 'quis', 277),
	(228, 'ullam', 278),
	(229, 'quas', 279),
	(230, 'eum', 280),
	(231, 'dolorem', 281),
	(232, 'doloribus', 282),
	(233, 'beatae', 283),
	(234, 'fugiat', 284),
	(235, 'veniam', 285),
	(236, 'delectus', 286),
	(237, 'dolorem', 287),
	(238, 'praesentium', 288),
	(239, 'tempora', 289),
	(240, 'et', 290),
	(241, 'illum', 291),
	(242, 'deleniti', 292),
	(243, 'cupiditate', 293),
	(244, 'quis', 294),
	(245, 'ipsam', 295),
	(246, 'est', 296),
	(247, 'quo', 297),
	(248, 'qui', 298),
	(249, 'dolor', 299),
	(250, 'eos', 300);
/*!40000 ALTER TABLE `photo_albums` ENABLE KEYS */;

-- Дамп структуры для таблица vk.profiles
CREATE TABLE IF NOT EXISTS `profiles` (
  `user_id` bigint unsigned NOT NULL,
  `gender` varchar(50) CHARACTER SET utf8 COLLATE utf8_unicode_ci DEFAULT NULL,
  `birthday` date DEFAULT NULL,
  `is_active` enum('true','false') CHARACTER SET utf8 COLLATE utf8_unicode_ci DEFAULT 'true',
  `photo_id` bigint unsigned DEFAULT NULL,
  `hometown` varchar(100) CHARACTER SET utf8 COLLATE utf8_unicode_ci DEFAULT NULL,
  `created_at` datetime DEFAULT CURRENT_TIMESTAMP,
  UNIQUE KEY `user_id` (`user_id`),
  KEY `profiles_fk_1` (`photo_id`),
  CONSTRAINT `fk_user_id` FOREIGN KEY (`user_id`) REFERENCES `users` (`id`) ON UPDATE CASCADE,
  CONSTRAINT `profiles_fk_1` FOREIGN KEY (`photo_id`) REFERENCES `media` (`id`)
) ENGINE=InnoDB DEFAULT CHARSET=utf8 COLLATE=utf8_unicode_ci;

-- Дамп данных таблицы vk.profiles: ~100 rows (приблизительно)
/*!40000 ALTER TABLE `profiles` DISABLE KEYS */;
INSERT INTO `profiles` (`user_id`, `gender`, `birthday`, `is_active`, `photo_id`, `hometown`, `created_at`) VALUES
	(201, 'F', '1979-10-28', 'false', 201, 'Dorotheahaven', '2018-08-08 20:15:16'),
	(202, 'M', '2001-10-09', 'false', 202, 'Port Burnice', '2015-11-09 03:18:31'),
	(203, 'F', '2017-02-20', 'false', 203, 'New Zoe', '1990-04-12 09:58:49'),
	(204, 'F', '2000-09-26', 'false', 204, 'Travistown', '1987-09-07 23:58:59'),
	(205, 'M', '2017-03-08', 'false', 205, 'Cartwrightfurt', '1987-07-02 08:56:07'),
	(206, 'M', '1973-01-27', 'false', 206, 'North Eldon', '1996-11-18 04:07:34'),
	(207, 'M', '1989-07-17', 'true', 207, 'Nayeliside', '1976-08-29 20:37:25'),
	(208, 'F', '1983-03-24', 'false', 208, 'Quigleyview', '1997-05-01 20:22:16'),
	(209, 'F', '1989-10-25', 'false', 209, 'Uriahmouth', '2018-05-04 13:51:53'),
	(210, 'M', '2001-09-15', 'false', 210, 'Port Queen', '1975-01-18 01:56:28'),
	(211, 'M', '1978-01-30', 'true', 211, 'Howechester', '1990-03-23 16:15:26'),
	(212, 'M', '1983-10-29', 'true', 212, 'North Brody', '1970-06-16 11:41:27'),
	(213, 'F', '1990-06-02', 'false', 213, 'Shaniamouth', '1974-06-28 20:59:45'),
	(214, 'M', '2014-10-27', 'true', 214, 'Savanahhaven', '2000-12-06 04:11:21'),
	(215, 'F', '1993-12-12', 'true', 215, 'Lake Ardella', '2000-04-22 16:43:07'),
	(216, 'M', '2019-01-10', 'false', 216, 'Cotyport', '1974-09-10 19:37:20'),
	(217, 'M', '1976-05-02', 'false', 217, 'Port Nataliafort', '1974-05-24 12:43:12'),
	(218, 'F', '1984-10-07', 'false', 218, 'Rutherfordfurt', '1974-10-09 10:05:34'),
	(219, 'F', '1984-01-18', 'false', 219, 'Callieland', '1982-03-24 12:09:56'),
	(220, 'F', '1991-07-27', 'false', 220, 'Lake Georgeton', '1972-09-04 13:08:47'),
	(221, 'M', '1999-11-18', 'true', 221, 'Dachhaven', '1978-07-21 03:51:25'),
	(222, 'M', '2015-02-21', 'false', 222, 'Lake Laurynhaven', '2019-01-02 04:06:33'),
	(223, 'F', '1988-04-12', 'true', 223, 'North Norma', '1994-04-10 03:45:56'),
	(224, 'F', '1970-12-11', 'false', 224, 'Ladariusview', '2002-03-08 06:12:37'),
	(225, 'F', '2000-07-13', 'false', 225, 'Lake Norvalshire', '1974-11-29 23:21:26'),
	(226, 'F', '1970-10-06', 'false', 226, 'East Patsyport', '2001-04-12 10:55:46'),
	(227, 'F', '1970-06-15', 'true', 227, 'West Santaland', '2009-03-18 18:57:03'),
	(228, 'M', '1975-12-22', 'true', 228, 'Wymanberg', '1995-06-20 04:13:42'),
	(229, 'F', '1972-08-05', 'false', 229, 'Nyasiaborough', '1978-10-16 08:04:28'),
	(230, 'M', '1975-06-26', 'false', 230, 'Jenkinsbury', '1988-01-25 19:29:01'),
	(231, 'M', '2001-04-17', 'true', 231, 'New Prince', '2008-11-28 10:46:51'),
	(232, 'F', '1980-05-15', 'true', 232, 'Arnoldbury', '1978-12-30 00:55:03'),
	(233, 'F', '2001-06-17', 'false', 233, 'North Kathleen', '2005-08-21 13:16:47'),
	(234, 'M', '2017-07-12', 'true', 234, 'Mckenziebury', '1974-10-29 17:12:02'),
	(235, 'M', '2001-01-02', 'true', 235, 'East Lauryn', '1970-02-21 20:17:33'),
	(236, 'M', '1992-04-17', 'true', 236, 'New Margarett', '1972-10-24 16:46:14'),
	(237, 'M', '2002-11-08', 'false', 237, 'Raynortown', '1974-04-03 22:48:57'),
	(238, 'F', '2011-10-05', 'true', 238, 'Paytonfurt', '2012-11-13 11:24:36'),
	(239, 'F', '1971-01-31', 'false', 239, 'South Rubieport', '2005-12-25 01:37:06'),
	(240, 'F', '2000-01-25', 'false', 240, 'Lynchton', '2012-10-28 23:39:08'),
	(241, 'F', '1996-04-19', 'true', 241, 'Corineview', '2016-02-25 05:09:18'),
	(242, 'M', '1989-05-13', 'false', 242, 'East Kaliland', '2020-05-24 04:10:40'),
	(243, 'F', '2012-03-09', 'true', 243, 'New Georgianaville', '2000-02-26 23:08:32'),
	(244, 'M', '2020-08-10', 'true', 244, 'Haleystad', '1981-01-06 07:44:49'),
	(245, 'M', '1979-03-17', 'true', 245, 'Shieldstown', '1994-05-03 18:27:31'),
	(246, 'F', '1972-05-21', 'true', 246, 'Swaniawskifort', '1987-02-28 08:31:16'),
	(247, 'F', '1981-10-25', 'true', 247, 'Sybleburgh', '1989-11-08 12:41:08'),
	(248, 'F', '1991-09-29', 'true', 248, 'West Napoleonstad', '1978-09-23 00:39:03'),
	(249, 'F', '1989-08-06', 'true', 249, 'Legroston', '1993-12-23 08:31:57'),
	(250, 'F', '2010-11-23', 'true', 250, 'South Bradenburgh', '2007-11-21 21:10:37'),
	(251, 'F', '2014-02-07', 'false', 251, 'Thurmanfurt', '1974-05-29 06:13:08'),
	(252, 'M', '2013-12-30', 'true', 252, 'Dooleyfurt', '1974-03-08 16:50:07'),
	(253, 'M', '1991-11-08', 'false', 253, 'East Henriette', '2008-06-29 04:03:45'),
	(254, 'M', '1971-02-13', 'true', 254, 'West Priscilla', '2006-09-22 08:01:10'),
	(255, 'F', '1998-07-05', 'false', 255, 'North Veldaborough', '2005-09-03 23:11:37'),
	(256, 'M', '1999-06-16', 'false', 256, 'New Jessstad', '1971-08-14 03:55:47'),
	(257, 'F', '1994-09-07', 'false', 257, 'New Jarrell', '2005-05-17 21:10:48'),
	(258, 'F', '1977-05-23', 'false', 258, 'East Phyllis', '1992-09-20 20:51:15'),
	(259, 'F', '1970-11-15', 'false', 259, 'Larsonview', '2017-10-17 17:57:13'),
	(260, 'M', '1971-12-25', 'false', 260, 'West Odellmouth', '2017-07-08 23:31:11'),
	(261, 'M', '1996-04-17', 'false', 261, 'Dakotabury', '1988-12-04 21:41:54'),
	(262, 'M', '1984-01-22', 'false', 262, 'Gusikowskiberg', '2002-10-04 14:35:49'),
	(263, 'M', '1983-06-11', 'false', 263, 'Alethafurt', '1984-12-18 07:22:23'),
	(264, 'M', '2005-10-27', 'false', 264, 'South Alverta', '1987-01-24 11:45:34'),
	(265, 'F', '2009-10-24', 'true', 265, 'Isabelleton', '1974-01-05 16:13:16'),
	(266, 'M', '2017-12-22', 'false', 266, 'Maiyahaven', '2009-09-03 19:18:03'),
	(267, 'M', '1993-06-21', 'true', 267, 'Vilmaview', '2016-06-27 17:45:06'),
	(268, 'F', '1982-03-22', 'true', 268, 'West Kevenstad', '2003-08-30 09:06:06'),
	(269, 'F', '2012-12-09', 'false', 269, 'Timmybury', '2021-03-25 04:49:40'),
	(270, 'M', '1980-04-02', 'true', 270, 'Port Gilbertoside', '2011-10-24 19:42:45'),
	(271, 'M', '2003-03-02', 'true', 271, 'Nicolasfurt', '1972-06-03 18:22:16'),
	(272, 'M', '1989-04-07', 'false', 272, 'Port Everardobury', '2002-01-30 11:41:58'),
	(273, 'M', '1988-05-22', 'false', 273, 'East Koreyshire', '2018-03-13 11:35:00'),
	(274, 'F', '2003-11-09', 'true', 274, 'New Hayley', '1989-01-07 17:49:07'),
	(275, 'F', '1988-02-12', 'false', 275, 'Marvinton', '2008-04-13 05:03:28'),
	(276, 'M', '1973-01-08', 'true', 276, 'Enochview', '1976-08-03 18:18:24'),
	(277, 'F', '1984-11-23', 'false', 277, 'Harrishaven', '1977-05-20 16:22:24'),
	(278, 'M', '1990-07-01', 'false', 278, 'Lake Clemmiemouth', '1974-08-08 01:12:44'),
	(279, 'M', '1998-07-04', 'false', 279, 'Miguelton', '2015-11-08 12:49:27'),
	(280, 'F', '1975-02-02', 'true', 280, 'Arlofort', '2005-06-01 15:06:42'),
	(281, 'F', '1977-05-16', 'true', 281, 'Wildermanstad', '2010-12-19 18:20:05'),
	(282, 'M', '1973-04-28', 'true', 282, 'Port Maximillianborough', '2014-11-07 14:17:19'),
	(283, 'M', '2019-10-09', 'true', 283, 'West Brayanview', '1986-01-01 07:04:15'),
	(284, 'M', '2006-01-03', 'true', 284, 'West Luraburgh', '2008-11-08 23:17:55'),
	(285, 'M', '2013-08-21', 'false', 285, 'New Arne', '1995-04-14 19:41:19'),
	(286, 'F', '1987-10-10', 'false', 286, 'Nikolausstad', '2013-08-27 08:17:11'),
	(287, 'M', '1985-01-08', 'false', 287, 'Port Valerie', '2016-11-23 00:42:19'),
	(288, 'M', '1996-12-28', 'false', 288, 'Wolfview', '2000-01-13 15:43:42'),
	(289, 'M', '2009-03-04', 'true', 289, 'Port Noahland', '1984-12-25 22:28:01'),
	(290, 'F', '1986-09-16', 'true', 290, 'Hagenesport', '1989-02-24 22:16:14'),
	(291, 'F', '2001-03-29', 'true', 291, 'Langoshtown', '2019-06-22 03:13:51'),
	(292, 'F', '1996-05-21', 'true', 292, 'Stantonhaven', '2002-09-29 10:09:24'),
	(293, 'M', '1997-02-20', 'true', 293, 'New Xzaviershire', '1987-07-19 15:16:29'),
	(294, 'F', '2014-10-06', 'false', 294, 'Ritchietown', '2008-08-31 03:14:32'),
	(295, 'M', '2007-02-02', 'false', 295, 'Alihaven', '2010-09-23 09:00:36'),
	(296, 'M', '2012-04-14', 'false', 296, 'Kassandramouth', '2017-12-14 02:28:50'),
	(297, 'M', '2006-03-25', 'true', 297, 'Dollybury', '1974-02-16 07:43:08'),
	(298, 'F', '1993-09-02', 'true', 298, 'Lake Reagan', '1991-10-31 11:36:39'),
	(299, 'M', '1978-06-20', 'true', 299, 'Janymouth', '2001-02-17 13:32:52'),
	(300, 'F', '1974-04-15', 'true', 300, 'Lupeberg', '2003-02-06 19:43:16');
/*!40000 ALTER TABLE `profiles` ENABLE KEYS */;

-- Дамп структуры для таблица vk.users
CREATE TABLE IF NOT EXISTS `users` (
  `id` bigint unsigned NOT NULL AUTO_INCREMENT,
  `firstname` varchar(50) CHARACTER SET utf8 COLLATE utf8_unicode_ci DEFAULT NULL,
  `lastname` varchar(50) CHARACTER SET utf8 COLLATE utf8_unicode_ci DEFAULT NULL COMMENT 'Фамиль',
  `email` varchar(120) CHARACTER SET utf8 COLLATE utf8_unicode_ci DEFAULT NULL,
  `password_hash` varchar(100) CHARACTER SET utf8 COLLATE utf8_unicode_ci DEFAULT NULL,
  `phone` bigint unsigned DEFAULT NULL,
  PRIMARY KEY (`id`),
  UNIQUE KEY `email` (`email`),
  UNIQUE KEY `phone` (`phone`),
  KEY `users_firstname_lastname_idx` (`firstname`,`lastname`)
) ENGINE=InnoDB AUTO_INCREMENT=301 DEFAULT CHARSET=utf8 COLLATE=utf8_unicode_ci COMMENT='юзеры';

-- Дамп данных таблицы vk.users: ~100 rows (приблизительно)
/*!40000 ALTER TABLE `users` DISABLE KEYS */;
INSERT INTO `users` (`id`, `firstname`, `lastname`, `email`, `password_hash`, `phone`) VALUES
	(201, 'Eda', 'Altenwerth', 'murphy.dorthy@example.net', '2aecd5c593bd55ab1e70525cf95346ed011c3293', 86336856032),
	(202, 'Kristopher', 'Rice', 'tkreiger@example.net', 'b3e3d3d61404395bcbd97d04289dd7603e7d8fa3', 83515036897),
	(203, 'Sarah', 'Vandervort', 'hbruen@example.org', '11db8a86d985f75bd9001aecf38c5e12c4e6703f', 84880298022),
	(204, 'Mae', 'Smith', 'filomena.collier@example.org', '32966bb383f726455163af2cd4f363526ef685bf', 82019263864),
	(205, 'Shanon', 'Collier', 'rschmeler@example.com', '82b7be0fa1f8bdda1c1e7ba9a2911bce3765e1c1', 82159648472),
	(206, 'Naomi', 'Hettinger', 'pagac.katelynn@example.net', '141a87b49953da14085ef7b7cd83139987df0300', 81944947037),
	(207, 'Reynold', 'Strosin', 'wehner.will@example.org', 'ce561fc4cb9b10ab706606cf097b8cb41f93fd0a', 82052222378),
	(208, 'Norberto', 'Pacocha', 'kessler.keshawn@example.net', 'a1184f86add69248e89c17184e9455b2fedb7614', 87874543280),
	(209, 'Aliza', 'Wolf', 'enola.pfannerstill@example.org', '8080a35c42b150ab4357bb8da851dd0ef543164f', 83526197858),
	(210, 'Thaddeus', 'O\'Connell', 'marisol.jacobs@example.org', '7ada4581533c44e7a6f912140f4057379cc9f1ac', 86455275914),
	(211, 'Robin', 'Gleason', 'lue90@example.com', '9c95c7a0c137a0eba57040e16daa9014b50447c1', 87738533648),
	(212, 'Matilde', 'Runte', 'schuster.hertha@example.com', 'f04d9150fd410fd5188fef0dd27e4ccd8d12a0ec', 88987153619),
	(213, 'Pietro', 'Parker', 'ecrona@example.org', 'b5b074cb404a16e5fdda4e8798a0a43e48655186', 86277663568),
	(214, 'Kattie', 'Stracke', 'heaney.ed@example.net', '261d132d8d2baa8e74cda6ae4a4e6a4227299f08', 88915415168),
	(215, 'Floy', 'Walker', 'chelsie32@example.org', '7380029c9930e4c3c4343eaf7fb3f638185848c8', 81933346362),
	(216, 'Lisandro', 'Wehner', 'ijast@example.com', '0fb506a5f676d2eedb04794913865af781d77ae1', 89129939628),
	(217, 'Frederic', 'Jakubowski', 'verlie57@example.com', '09c6b8d7ea5e6b19de5f2d46cd13d91e7324ebcf', 80105989407),
	(218, 'Catalina', 'King', 'christ78@example.com', 'd8e6b6a7761f668b2ee9ea9c2e708241e677503b', 83329896614),
	(219, 'Neha', 'Barton', 'hamill.paxton@example.org', 'ce070f77d5db909c5720a732580da5d6ac7ec69d', 87074431851),
	(220, 'Duncan', 'Hilll', 'hodkiewicz.geovanny@example.net', '56c044fb69b3a3a79832e4f371d56f5e1213a884', 81499720974),
	(221, 'Rafael', 'Barrows', 'erwin88@example.net', 'e358617ba2cd7e4aa422efc1c7f77371029e485d', 81457936465),
	(222, 'Nicklaus', 'Larkin', 'zeffertz@example.com', '6ee51516304bee7f6ffafa51935264ee0a8f5d77', 84863136648),
	(223, 'Cecile', 'Nikolaus', 'larkin.eldon@example.org', '5f035c01b1cde61edf1cc9acf595f879bfc42846', 81320642186),
	(224, 'Dorcas', 'Grimes', 'jena59@example.net', 'cca01eda9d3ea6b4e1a321f03b85d84ef8bae6fd', 82759863743),
	(225, 'Muhammad', 'Cummings', 'griffin51@example.net', '8f2c41cf5c58fad17ea112db74424470bfe7c6fd', 80592514262),
	(226, 'Eugene', 'Kemmer', 'gmarvin@example.net', 'b53777e1118dbb3d3c094a17ee234899d50efd60', 85120224985),
	(227, 'Kara', 'McDermott', 'adeline68@example.net', 'e63594f05b9a86104975d04453485d714517e324', 88043337697),
	(228, 'Walter', 'Wunsch', 'koch.carolina@example.org', '7ff7d1752525053ac9e44da7f2e411a4eb04f117', 86973880310),
	(229, 'Caroline', 'Feil', 'damian48@example.org', '654785cc8e12fa9efd1468b5e48fb3672aac9bae', 80318062808),
	(230, 'Malvina', 'Daugherty', 'mateo61@example.net', 'b88e8b75b55e870468b19d184131be805f55bc45', 88943852684),
	(231, 'Dee', 'Upton', 'greenholt.leanne@example.org', '3867520426c5af17ddeecaef58842b60f6707761', 80542692109),
	(232, 'Tod', 'Lubowitz', 'lila.haley@example.net', '3f3d3a067f8956c0d9df3106501b81e69453a651', 84022664986),
	(233, 'Maximilian', 'Gutkowski', 'john42@example.com', '66aa80eeb9f9abd1a5cdfc4bf49a95dd37ffd386', 88930046008),
	(234, 'Liana', 'Koch', 'fkutch@example.org', 'd98ccfe40109820c67730cb5951f8682295dee5c', 86268435115),
	(235, 'Neha', 'Kuhn', 'paul45@example.org', '8ee8f05dc90bf991c65ce3d57aff088dcc078e89', 87643024479),
	(236, 'Pietro', 'Mayert', 'jody57@example.org', 'b722c42938e98e8eaca655ab7f371aa239a2ecdf', 87359209111),
	(237, 'Ova', 'Prohaska', 'ngreen@example.net', 'f0991c446e012ffc0f83a9e86e9f6387760b65aa', 87409479115),
	(238, 'Aglae', 'Klocko', 'ddibbert@example.org', 'c49dfa22bb481dd6591dbdc7134edb7c81c845b5', 80767231239),
	(239, 'Khalid', 'Borer', 'willard88@example.net', '360c858903b4bd5bd331784bc7df4335c7782df0', 84557565092),
	(240, 'Bridgette', 'Bailey', 'wfranecki@example.net', 'cedb20fd7f8a9cc1e13c8643dc10a5ebddd2cef4', 84604905075),
	(241, 'Bobby', 'Schoen', 'felton.luettgen@example.org', '08f9d2122e5843fe38134269bed17532f060f765', 88142315833),
	(242, 'Pierre', 'Muller', 'crona.verlie@example.net', '7685bd849c5a851eeb6be61e49ea58ca1c6a332b', 85500338822),
	(243, 'Ashtyn', 'Reinger', 'epurdy@example.org', '8be2ca92bef955ba7da8e7f406e71828d251c527', 83841393734),
	(244, 'Helen', 'Sipes', 'antwon68@example.net', 'f9ed3a0caac4f6d2d963250e1905691f87c51802', 87518648053),
	(245, 'Aditya', 'Flatley', 'lbeatty@example.org', '46ce05b933bfc00effd417855e1e12b945cef901', 88622882915),
	(246, 'Raegan', 'Goyette', 'bruen.lela@example.net', 'dde7fcc0aaf552ae79d1cf7d59d7a258c9c2682d', 88231664276),
	(247, 'Tyra', 'Mills', 'justyn.strosin@example.org', '2580e95a14112a26cccf10a35b296ff7dec61d0b', 81049965284),
	(248, 'Joelle', 'Boyer', 'landen.o\'hara@example.com', '4255a9eebad7f7fbb5fc1d30472a4f9e6eac317f', 87859734701),
	(249, 'Soledad', 'Lind', 'durward22@example.net', '2cfbc412b8845695d96c9dee8f40ae437e03a8ea', 89391293413),
	(250, 'Willa', 'Reinger', 'reichel.gregoria@example.org', 'b51d373c086a291b5ae0133f1d34a4180dfd0565', 83640561830),
	(251, 'Sierra', 'Howe', 'sschamberger@example.com', '8d2cab3f4f4749759a802f26ea145de27a72907f', 86039964845),
	(252, 'Demario', 'Von', 'vmayert@example.org', '140ad75faa4c31d342e5f2ee255417e05efe36b6', 80110079003),
	(253, 'Enola', 'Kuphal', 'nikolas.labadie@example.net', 'd567035cbf3af23020d675b4c9b3a96106048c3a', 84980147704),
	(254, 'Marlene', 'Bernier', 'elisabeth.howell@example.net', '7f12228bd3dc906a64fb6328396362b72ebb8019', 83380839382),
	(255, 'Brook', 'Turcotte', 'eden33@example.com', 'c3a931b6e4e225d7e6642150e7149b78965828cc', 84167549884),
	(256, 'Miller', 'Reichert', 'kristian62@example.net', '73c08a326f40b25175a81c2db2485c69fb0b0b89', 82313593956),
	(257, 'Torey', 'Dach', 'karlee.swift@example.org', '0d3175ccaeeea61f14f60231a29ba567013d426a', 82547185742),
	(258, 'Juliana', 'Schneider', 'tamara45@example.org', '545d7be1a4038396eb68dbfdf4551ee2af3aca94', 81371409101),
	(259, 'Adrianna', 'Ullrich', 'maxwell88@example.com', 'c549b0f1eb1e1650398ab518c7ce17c8d0f2e581', 84492128626),
	(260, 'Roberta', 'Kilback', 'swift.norberto@example.com', '746f198fb8d2b8fa10d27005c00d82e48a0bb754', 89216407914),
	(261, 'Dillon', 'Crist', 'orie.beahan@example.net', '2adbe290b7ab48c0b73c78de2b45bc515319332d', 80842387410),
	(262, 'Norma', 'Mante', 'hassie17@example.org', 'f8944190e48f30dedd585b35055822e7f6140830', 80970287621),
	(263, 'Ethelyn', 'Prohaska', 'madisen39@example.org', '8231e642b7c07257abc1a9648243d6a0784ae487', 85793951028),
	(264, 'Arch', 'Jacobs', 'pete32@example.net', 'db67dd88896cbf969fb9d362d6199ab6f2d52482', 83767677368),
	(265, 'Amelia', 'Osinski', 'raymond.beahan@example.org', '5e28726de65a8299008df600ee16b1f4c907b401', 84454235835),
	(266, 'Aniyah', 'Towne', 'hoyt.weissnat@example.com', '9e29aaac34730791f6628acd50ae74a2a2daf778', 80136436196),
	(267, 'Johnson', 'Connelly', 'piper98@example.net', 'c1dc4096c4177745d1b519ba99a1b9c701ce8488', 87154137496),
	(268, 'Aubree', 'Dickinson', 'yesenia41@example.com', '28a3a2a7318d6dc0747c6983fd2be6bc18ebdf98', 89312615273),
	(269, 'Jevon', 'Kirlin', 'parker61@example.org', 'a56d80be982ba13bbe5e1356fc8240105bd75e32', 80899539985),
	(270, 'Elyssa', 'Rogahn', 'cielo08@example.net', 'c0cf59f595a4f4e4cb207e684dd5106eb8f63782', 89874946847),
	(271, 'Arvilla', 'Russel', 'kschaefer@example.org', 'd38478e8c968ed0c573a4f72251a51d686471d0c', 83099482865),
	(272, 'Roselyn', 'Brekke', 'gquigley@example.net', '7280c23d712e2f3b1e3424a8bc3bee45b510c772', 87569583808),
	(273, 'Brielle', 'Pollich', 'qschumm@example.org', 'a6b5e02dfaf7f98410835f32e313b6135f49ec17', 81336992294),
	(274, 'Dolores', 'Upton', 'romaguera.lewis@example.com', 'cd1eaca953ff697a69aa4b0c41d5607cabb86068', 80468115541),
	(275, 'Vicenta', 'Gaylord', 'jaydon84@example.org', 'edea210e475b49f64de1222fec6c5578a96e88ed', 87728924709),
	(276, 'Lincoln', 'Collins', 'shaniya.kuphal@example.org', 'b75cd70d95b45633a1fe2e487aa09b3fff851c0a', 89733597883),
	(277, 'Jeff', 'Mertz', 'lenny.jast@example.org', 'dc5670df5f12131f1311dff21a86a2a7da7fda98', 84952902672),
	(278, 'Johanna', 'Hartmann', 'karson.botsford@example.net', 'd00ac28c87f78aa9193270971afe90f50458a72f', 88450626167),
	(279, 'Grayce', 'Frami', 'qbosco@example.net', 'b6b01796623259ea04aee14047181eabd8826273', 89301438373),
	(280, 'Herta', 'Bahringer', 'harvey.damion@example.net', '50dfa357a3a3d5891004437fc3f4982b5c50e40d', 84024042119),
	(281, 'Elsa', 'Leffler', 'salvatore.lind@example.com', '1e1ccf3f635325fb7ce5d9816be0ed44dee2adbf', 88308849530),
	(282, 'Karlee', 'Beatty', 'kristy.kub@example.org', '5b646921c5b94a1ad0d8f21f84aa7b84fb0f7f5b', 88357111210),
	(283, 'Kathryne', 'Emmerich', 'bruen.torrance@example.net', 'c9155ea79a7b34e0907aac8341890629400ee1d2', 84224954647),
	(284, 'Deontae', 'Grant', 'beatty.percival@example.com', 'ee277faaba3583429fba7532e14f437b69338633', 83176340339),
	(285, 'Ursula', 'Bergnaum', 'stiedemann.lance@example.net', 'a665e993fef12ad53af276732429c0b61ab936ee', 88175303139),
	(286, 'Jose', 'Maggio', 'csanford@example.net', '6a0a2a361803afa29c26465a685dbcf70f1a050b', 80266551706),
	(287, 'Gerardo', 'Block', 'enrique54@example.org', '7d156a2edffc040014d988e8ffc0ca963207d936', 84790962138),
	(288, 'Norene', 'Daniel', 'urban09@example.net', '9ec3105fe2a45b1354a6d280bf90acd525d49150', 83071406478),
	(289, 'Alverta', 'Monahan', 'mozell.reichert@example.org', 'efbe92e34a19a9d2533aa8d26aef128970cb379d', 80520222340),
	(290, 'Ariane', 'Bashirian', 'halie.heller@example.net', 'c5c1924fd1b8acafd49d495cd1938ae3c94974bf', 87635078718),
	(291, 'Beulah', 'Hoppe', 'brent24@example.net', '6b5c695235cec11aa9eaa00d307c316fab805118', 88397195921),
	(292, 'Duncan', 'Buckridge', 'qstokes@example.org', 'c7be9d87ee5c89f4915d77dea00dc5dfcb606222', 88788143419),
	(293, 'Ludwig', 'Block', 'zmckenzie@example.net', '6e15d05b71ac0fbb05953e9983d569b3e58e3058', 85048005590),
	(294, 'Gia', 'Stiedemann', 'elta90@example.com', '854bd95506f463f7ea90ed4a4700cae68ee9aefb', 85626750816),
	(295, 'Santiago', 'Quigley', 'hilda30@example.net', '5537029981a30686e9dada20de19e61ec3b5b730', 87591876732),
	(296, 'Ignatius', 'Herzog', 'reyes.stark@example.org', 'f4da5df96947862488d9ab75e19af6bca3f7c7f0', 85539722135),
	(297, 'Mariela', 'Kirlin', 'talia.weber@example.net', 'd8e8211de5c131fcdffc28549372c69f9d64b384', 85298972465),
	(298, 'Leola', 'Reichert', 'dedrick.jaskolski@example.org', 'a0e8cea876d7617229c23d523757e343c17abfb8', 83808202166),
	(299, 'German', 'Feil', 'hmills@example.com', '6589640957d6899e98fbb19e2c8fed76829e578e', 82913639382),
	(300, 'Derek', 'Olson', 'hackett.ronny@example.org', '1f26c2426820211f5d383ec1956ae356b3557457', 86410049344);
/*!40000 ALTER TABLE `users` ENABLE KEYS */;

-- Дамп структуры для таблица vk.users_communities
CREATE TABLE IF NOT EXISTS `users_communities` (
  `user_id` bigint unsigned NOT NULL,
  `community_id` bigint unsigned NOT NULL,
  PRIMARY KEY (`user_id`,`community_id`),
  KEY `community_id` (`community_id`),
  CONSTRAINT `users_communities_ibfk_1` FOREIGN KEY (`user_id`) REFERENCES `users` (`id`),
  CONSTRAINT `users_communities_ibfk_2` FOREIGN KEY (`community_id`) REFERENCES `communities` (`id`)
) ENGINE=InnoDB DEFAULT CHARSET=utf8 COLLATE=utf8_unicode_ci;

-- Дамп данных таблицы vk.users_communities: ~100 rows (приблизительно)
/*!40000 ALTER TABLE `users_communities` DISABLE KEYS */;
INSERT INTO `users_communities` (`user_id`, `community_id`) VALUES
	(241, 201),
	(235, 202),
	(270, 203),
	(222, 204),
	(290, 205),
	(214, 206),
	(227, 207),
	(285, 208),
	(228, 209),
	(265, 210),
	(203, 211),
	(264, 212),
	(205, 213),
	(239, 214),
	(289, 215),
	(271, 216),
	(261, 217),
	(298, 218),
	(256, 219),
	(230, 220),
	(253, 221),
	(286, 222),
	(267, 223),
	(246, 224),
	(243, 225),
	(296, 226),
	(237, 227),
	(220, 228),
	(255, 229),
	(248, 230),
	(260, 231),
	(247, 232),
	(284, 233),
	(213, 234),
	(291, 235),
	(293, 236),
	(278, 237),
	(201, 238),
	(219, 239),
	(299, 240),
	(297, 241),
	(207, 242),
	(258, 243),
	(217, 244),
	(252, 245),
	(226, 246),
	(202, 247),
	(216, 248),
	(262, 249),
	(208, 250),
	(238, 251),
	(209, 252),
	(240, 253),
	(204, 254),
	(250, 255),
	(211, 256),
	(210, 257),
	(242, 258),
	(218, 259),
	(224, 260),
	(274, 261),
	(283, 262),
	(288, 263),
	(276, 264),
	(282, 265),
	(221, 266),
	(223, 267),
	(281, 268),
	(277, 269),
	(259, 270),
	(268, 271),
	(231, 272),
	(249, 273),
	(251, 274),
	(279, 275),
	(244, 276),
	(280, 277),
	(263, 278),
	(257, 279),
	(229, 280),
	(212, 281),
	(245, 282),
	(272, 283),
	(236, 284),
	(233, 285),
	(273, 286),
	(292, 287),
	(266, 288),
	(254, 289),
	(234, 290),
	(275, 291),
	(225, 292),
	(294, 293),
	(206, 294),
	(232, 295),
	(295, 296),
	(269, 297),
	(300, 298),
	(287, 299),
	(215, 300);
/*!40000 ALTER TABLE `users_communities` ENABLE KEYS */;

/*!40101 SET SQL_MODE=IFNULL(@OLD_SQL_MODE, '') */;
/*!40014 SET FOREIGN_KEY_CHECKS=IFNULL(@OLD_FOREIGN_KEY_CHECKS, 1) */;
/*!40101 SET CHARACTER_SET_CLIENT=@OLD_CHARACTER_SET_CLIENT */;
/*!40111 SET SQL_NOTES=IFNULL(@OLD_SQL_NOTES, 1) */;
